{"version":"0.4","title":"SWAADBlog","type":"page","content":[{"id":"98e1a83","settings":[],"elements":[{"id":"28ea5480","settings":{"_column_size":100,"_inline_size":null},"elements":[{"id":"64ab2c28","settings":{"title":"BLOGS<br>","align":"center","title_color":"#FFFFFF","typography_typography":"custom","typography_font_family":"Righteous","typography_font_weight":"600"},"elements":[],"isInner":false,"widgetType":"heading","elType":"widget"}],"isInner":false,"elType":"column"}],"isInner":false,"elType":"section"},{"id":"47492d8f","settings":{"structure":"20"},"elements":[{"id":"700c7276","settings":{"_column_size":50,"_inline_size":null},"elements":[{"id":"6b98a454","settings":{"image":{"url":"http:\/\/127.0.0.1\/wordpress\/wp-content\/uploads\/2021\/01\/foodiesfeed.com_traditional-czech-honey-cake-caffee-latte-crop.jpg","id":190},"image_size":"full","opacity":{"unit":"px","size":1,"sizes":[]}},"elements":[],"isInner":false,"widgetType":"image","elType":"widget"}],"isInner":false,"elType":"column"},{"id":"15caf54b","settings":{"_column_size":50,"_inline_size":null},"elements":[{"id":"2d6115ca","settings":{"editor":"<p>NEW RECIEPIES OUT EVERY WEEK!<\/p>","align":"center","text_color":"#FEFEFE","typography_typography":"custom","typography_font_family":"Allerta Stencil","typography_font_size":{"unit":"px","size":78,"sizes":[]},"typography_font_weight":"400"},"elements":[],"isInner":false,"widgetType":"text-editor","elType":"widget"}],"isInner":false,"elType":"column"}],"isInner":false,"elType":"section"},{"id":"7b2bc28a","settings":[],"elements":[{"id":"2cf5a891","settings":{"_column_size":100,"_inline_size":null},"elements":[{"id":"50ad8794","settings":{"title":"Recent Recipies..","title_color":"#FFFFFF","typography_typography":"custom","typography_font_family":"Redressed","typography_font_weight":"600"},"elements":[],"isInner":false,"widgetType":"heading","elType":"widget"}],"isInner":false,"elType":"column"}],"isInner":false,"elType":"section"},{"id":"5543ce3e","settings":{"structure":"21"},"elements":[{"id":"42195e83","settings":{"_column_size":33,"_inline_size":null},"elements":[{"id":"6a09231a","settings":{"image":{"url":"http:\/\/127.0.0.1\/wordpress\/wp-content\/uploads\/2021\/01\/foodiesfeed.com_get-ready-for-your-espresso.jpg","id":202}},"elements":[],"isInner":false,"widgetType":"image","elType":"widget"},{"id":"d6f197d","settings":{"image":{"url":"http:\/\/127.0.0.1\/wordpress\/wp-content\/uploads\/2021\/01\/coffee-latte-art-cup-983955.jpg","id":335},"image_custom_dimension":{"width":"5500","height":"5500"}},"elements":[],"isInner":false,"widgetType":"image","elType":"widget"},{"id":"71b8d90e","settings":{"image":{"url":"http:\/\/127.0.0.1\/wordpress\/wp-content\/uploads\/2021\/01\/coffee-dalgona-specialty-5174330.jpg","id":336}},"elements":[],"isInner":false,"widgetType":"image","elType":"widget"}],"isInner":false,"elType":"column"},{"id":"5c863beb","settings":{"_column_size":66,"_inline_size":null},"elements":[{"id":"ab6032f","settings":{"title":"DALGONA COFFEE...","align":"center","title_color":"#FFBA00","typography_typography":"custom","typography_font_family":"Original Surfer","typography_font_weight":"600"},"elements":[],"isInner":false,"widgetType":"heading","elType":"widget"},{"id":"66481c5b","settings":{"editor":"<p>Dalgona coffee\u2014it started as a Tik Tok trend and has now exploded all over the internet as the It-Drink of the moment. Is it worth the hype? Only one way to find out.If you've got instant coffee, sugar, and water on hand, you can make this. It'll go by faster if you have a hand mixer, but a humble regular whisk, one\u00a0powerful arm, and a good dose of patience and endurance will get you there too\u2014just make sure you're ready to feel the burn in your triceps and biceps\u00a0and you'll be rewarded with a nice tall glass of cold, creamy coffee that's sweetened just right. Depending on how much of a caffeine rush you want, this recipe makes enough dalgona fluff for one or two servings. It's delicious but very strong:\u00a0drink at your own discretion!If you've made this, let us know in the comments below how you liked it! Love iced coffee? Make sure you give these\u00a0<a href=\"https:\/\/www.delish.com\/cooking\/recipe-ideas\/g2754\/iced-coffee-hacks\/\" target=\"_blank\" rel=\"noopener\" data-vars-ga-outbound-link=\"https:\/\/www.delish.com\/cooking\/recipe-ideas\/g2754\/iced-coffee-hacks\/\">sweet coffee hacks<\/a>\u00a0a try!<\/p>","align":"justify","text_color":"#FFFFFF","typography_typography":"custom","typography_font_family":"Roboto","typography_font_size":{"unit":"px","size":25,"sizes":[]},"typography_font_weight":"400"},"elements":[],"isInner":false,"widgetType":"text-editor","elType":"widget"}],"isInner":false,"elType":"column"}],"isInner":false,"elType":"section"},{"id":"655e8c57","settings":{"structure":"20"},"elements":[{"id":"7cfd1b7b","settings":{"_column_size":50,"_inline_size":49.123,"background_background":"gradient","background_color":"#CE4F4F","background_color_b":"#BFFAFF"},"elements":[{"id":"7d330621","settings":{"editor":"<div class=\"ingredients-header\"><div class=\"ingredients-header-title\" role=\"heading\" aria-level=\"2\">INGREDIENTS<\/div><\/div><div class=\"ingredients-body\"><div class=\"ingredient-section ingredient-section-1\"><div class=\"ingredient-title\">\u00a0<\/div><div class=\"ingredient-lists\"><div class=\"ingredient-item\"><span class=\"ingredient-amount\">2 tbsp.\u00a0<\/span><p>granulated sugar<\/p><\/div><div class=\"ingredient-item\"><span class=\"ingredient-amount\">2 tbsp.\u00a0<\/span><p>instant coffee\u00a0<\/p><\/div><div class=\"ingredient-item\"><span class=\"ingredient-amount\">2 tbsp.\u00a0<\/span><p>cold water<\/p><\/div><div class=\"ingredient-item\"><p>Ice, for serving<\/p><\/div><div class=\"ingredient-item\"><p>Milk, for serving<\/p><\/div><\/div><\/div><\/div>","align":"center","typography_typography":"custom","typography_font_family":"Verdana","typography_font_size":{"unit":"px","size":14,"sizes":[]},"typography_font_weight":"400"},"elements":[],"isInner":false,"widgetType":"text-editor","elType":"widget"}],"isInner":false,"elType":"column"},{"id":"45a3bec9","settings":{"_column_size":50,"_inline_size":50.877,"background_background":"gradient","background_color":"#ECECEC","background_color_b":"#C93C3C"},"elements":[{"id":"5ae228a3","settings":{"editor":"<div class=\"directions-header\"><div class=\"directions-header-title\" role=\"heading\" aria-level=\"2\">DIRECTIONS<\/div><\/div><div class=\"directions-body\"><div class=\"direction-section direction-section-1\"><div class=\"direction-title\">\u00a0<\/div><div class=\"direction-lists\"><ol><li>In a medium bowl, combine\u00a0sugar, coffee, and water. Using a hand mixer or a whisk, vigorously whisk until mixture turns silky smooth and shiny, then continue whisking until it\u00a0thickens and holds its lofty, foamy shape. (If whisking by hand, it will take 8 to 12 minutes to get to optimal fluffiness.)<\/li><li>Fill a glass most of the way full with ice and milk, then dollop and swirl the whipped coffee mixture on top, mixing before drinking, if desired.<\/li><\/ol><\/div><\/div><\/div>","text_color":"#000000","typography_typography":"custom","typography_font_family":"Verdana","typography_font_weight":"400"},"elements":[],"isInner":false,"widgetType":"text-editor","elType":"widget"}],"isInner":false,"elType":"column"}],"isInner":false,"elType":"section"},{"id":"35e5a4d1","settings":[],"elements":[{"id":"6ab8dd0c","settings":{"_column_size":100,"_inline_size":null},"elements":[{"id":"3dd453e7","settings":{"title":"Check This Out !","header_size":"h1","align":"center","title_color":"#FFFFFF","typography_typography":"custom","typography_font_family":"Satisfy","typography_font_size":{"unit":"px","size":86,"sizes":[]},"typography_font_weight":"600"},"elements":[],"isInner":false,"widgetType":"heading","elType":"widget"}],"isInner":false,"elType":"column"}],"isInner":false,"elType":"section"},{"id":"3acae9ca","settings":{"structure":"20"},"elements":[{"id":"7d335d73","settings":{"_column_size":50,"_inline_size":null},"elements":[{"id":"5d9fa24","settings":{"youtube_url":"https:\/\/www.youtube.com\/watch?v=HHO9ENar3T8&feature=emb_logo","vimeo_url":"https:\/\/vimeo.com\/235215203","dailymotion_url":"https:\/\/www.dailymotion.com\/video\/x6tqhqb"},"elements":[],"isInner":false,"widgetType":"video","elType":"widget"}],"isInner":false,"elType":"column"},{"id":"7e5ba610","settings":{"_column_size":50,"_inline_size":null},"elements":[{"id":"e94a802","settings":{"youtube_url":"https:\/\/www.youtube.com\/watch?v=f1lpCi_70sQ","vimeo_url":"https:\/\/vimeo.com\/235215203","dailymotion_url":"https:\/\/www.dailymotion.com\/video\/x6tqhqb"},"elements":[],"isInner":false,"widgetType":"video","elType":"widget"}],"isInner":false,"elType":"column"}],"isInner":false,"elType":"section"},{"id":"28f81a2","settings":{"structure":"00"},"elements":[],"isInner":false,"elType":"section"},{"id":"41307d6e","settings":{"structure":"20"},"elements":[{"id":"7c696f22","settings":{"_column_size":50,"_inline_size":null},"elements":[{"id":"282a2ab2","settings":{"youtube_url":"https:\/\/www.youtube.com\/watch?v=DjMcilVQ8pE","vimeo_url":"https:\/\/vimeo.com\/235215203","dailymotion_url":"https:\/\/www.dailymotion.com\/video\/x6tqhqb"},"elements":[],"isInner":false,"widgetType":"video","elType":"widget"}],"isInner":false,"elType":"column"},{"id":"356f5b2c","settings":{"_column_size":50,"_inline_size":null},"elements":[{"id":"67442a58","settings":{"youtube_url":"https:\/\/www.youtube.com\/watch?v=G9Iqml8X9ck","vimeo_url":"https:\/\/vimeo.com\/235215203","dailymotion_url":"https:\/\/www.dailymotion.com\/video\/x6tqhqb"},"elements":[],"isInner":false,"widgetType":"video","elType":"widget"}],"isInner":false,"elType":"column"}],"isInner":false,"elType":"section"}]}