{"version":"0.4","title":"SWAADOurServices","type":"page","content":[{"id":"5646e998","settings":[],"elements":[{"id":"c5b9949","settings":{"_column_size":100,"_inline_size":null},"elements":[{"id":"53eff882","settings":{"title":"OUR SERVICES","header_size":"h1","align":"center","title_color":"#FFFFFF"},"elements":[],"isInner":false,"widgetType":"heading","elType":"widget"},{"id":"6332f0d3","settings":{"editor":"<p>Not motivated to cook but still want a good meal?\u00a0<\/p><p>By delivery or at the takeout counter, SWAAD offers a variety of hot and cold foods that are sure to satisfy you, whether you\u2019re at home, at work or at an event.\u00a0<\/p><p>In addition, our services are now offered with \u201c<a title=\"Zero Contact Delivery\" href=\"https:\/\/www.st-hubert.com\/en\/restaurants\/ourservices\/zero-contact-delivery.html\" target=\"_self\">zero contact<\/a>\u201d for a safer experience.<\/p>","align":"center","text_color":"#D7FFFD","_border_border":"solid","_border_color":"#000000","_border_radius":{"unit":"px","top":"16","right":"16","bottom":"16","left":"16","isLinked":true},"_box_shadow_box_shadow_type":"yes","_box_shadow_box_shadow":{"horizontal":0,"vertical":0,"blur":10,"spread":0,"color":"rgba(222.43125915527344, 215.17806592194933, 215.17806592194933, 0.5)"}},"elements":[],"isInner":false,"widgetType":"text-editor","elType":"widget"}],"isInner":false,"elType":"column"}],"isInner":false,"elType":"section"},{"id":"72100e5f","settings":{"gap":"no","custom_height":{"unit":"px","size":1000},"content_position":"middle","background_background":"classic","background_color":"#000000","padding_tablet":{"unit":"px","top":"100","right":"25","bottom":"100","left":"25","isLinked":false},"margin_tablet":{"unit":"px","top":"","right":0,"bottom":"","left":0,"isLinked":true},"padding_mobile":{"unit":"px","top":"50","right":"20","bottom":"50","left":"20","isLinked":false},"padding":{"unit":"px","top":"100","right":"0","bottom":"100","left":"0","isLinked":false}},"elements":[{"id":"41011255","settings":{"_column_size":100},"elements":[{"id":"401c0845","settings":{"title":"Services","align":"center","title_color":"#ffffff","typography_typography":"custom","typography_font_size":{"unit":"px","size":65},"typography_font_weight":"900","typography_line_height":{"unit":"em","size":1.2},"typography_font_size_mobile":{"unit":"px","size":45},"header_size":"h4","typography_font_size_tablet":{"unit":"px","size":45}},"elements":[],"isInner":false,"widgetType":"heading","elType":"widget"},{"id":"1c3405a9","settings":{"structure":"30","padding":{"unit":"px","top":"40","right":"0","bottom":"0","left":"0","isLinked":false},"gap":"no","content_position":"middle","margin_tablet":{"unit":"px","top":"","right":0,"bottom":"","left":0,"isLinked":true},"padding_mobile":{"unit":"px","top":"25","right":"0","bottom":"0","left":"0","isLinked":false}},"elements":[{"id":"5358b2da","settings":{"_column_size":33,"_inline_size":33.2,"margin":{"unit":"px","top":"0","right":"0","bottom":"0","left":"0","isLinked":true},"padding":{"unit":"px","top":"0","right":"0","bottom":"0","left":"0","isLinked":true}},"elements":[{"id":"13b21e32","settings":{"image":{"id":206,"url":"http:\/\/127.0.0.1\/wordpress\/wp-content\/uploads\/2021\/01\/foodiesfeed.com_homemade-pizza-2.jpg"},"image_size":"custom","image_custom_dimension":{"width":"460","height":"460"}},"elements":[],"isInner":false,"widgetType":"image","elType":"widget"}],"isInner":true,"elType":"column"},{"id":"3a5f5b52","settings":{"_column_size":33,"_inline_size":33.466,"padding":{"unit":"px","top":"30","right":"50","bottom":"30","left":"50","isLinked":false},"background_color":"#000000","padding_mobile":{"unit":"px","top":"35","right":"35","bottom":"35","left":"35","isLinked":true}},"elements":[{"id":"7b8b8f0e","settings":{"title":"CATERING","align":"center","title_color":"#ffffff","typography_typography":"custom","typography_font_size":{"unit":"px","size":25},"typography_font_weight":"600","header_size":"h6"},"elements":[],"isInner":false,"widgetType":"heading","elType":"widget"},{"id":"62d93509","settings":{"editor":"<p>Planning an event for over six people and want to provide a well-rounded meal that will please everyone?<\/p><p>SWAAD's catering service offers complete meals, served hot or cold, that include an appetizer and dessert. With its flexible hours, you can place your order as late as 4 p.m. the day before your event for either takeout or delivery<\/p>","align":"center","text_color":"#ffffff","typography_typography":"custom","typography_font_size":{"unit":"px","size":16},"typography_font_weight":"300"},"elements":[],"isInner":false,"widgetType":"text-editor","elType":"widget"}],"isInner":true,"elType":"column"},{"id":"7377743f","settings":{"_column_size":33,"_inline_size":null},"elements":[{"id":"7613846f","settings":{"image":{"id":174,"url":"http:\/\/127.0.0.1\/wordpress\/wp-content\/uploads\/2021\/01\/food-products-rustic-1898194.jpg"},"image_size":"custom","image_custom_dimension":{"width":"460","height":"460"}},"elements":[],"isInner":false,"widgetType":"image","elType":"widget"}],"isInner":true,"elType":"column"}],"isInner":true,"elType":"section"},{"id":"fd759d2","settings":{"structure":"30","gap":"no","content_position":"middle"},"elements":[{"id":"7ca36892","settings":{"_column_size":33,"_inline_size":null,"padding":{"unit":"px","top":"30","right":"50","bottom":"30","left":"50","isLinked":false},"background_color":"#000000","padding_mobile":{"unit":"px","top":"35","right":"35","bottom":"35","left":"35","isLinked":true}},"elements":[{"id":"72fd79bb","settings":{"title":"DELIVERY","align":"center","title_color":"#ffffff","typography_typography":"custom","typography_font_size":{"unit":"px","size":25},"typography_font_weight":"600","header_size":"h6"},"elements":[],"isInner":false,"widgetType":"heading","elType":"widget"},{"id":"2b01c11c","settings":{"editor":"<p>Our SWAAD's delivery service needs no introduction. Simply order online or by phone and one of our little yellow cars will bring your meal to your door. This service is offered by most of our rotisseries.<\/p>","align":"center","text_color":"#ffffff","typography_typography":"custom","typography_font_size":{"unit":"px","size":16},"typography_font_weight":"300"},"elements":[],"isInner":false,"widgetType":"text-editor","elType":"widget"}],"isInner":true,"elType":"column"},{"id":"1009dbd4","settings":{"_column_size":33,"_inline_size":null},"elements":[{"id":"3cc53eff","settings":{"image":{"id":100,"url":"http:\/\/127.0.0.1\/wordpress\/wp-content\/uploads\/2021\/01\/india-indian-indian-food-1481504.jpg"},"image_size":"custom","image_custom_dimension":{"width":"460","height":"460"}},"elements":[],"isInner":false,"widgetType":"image","elType":"widget"}],"isInner":true,"elType":"column"},{"id":"af694e8","settings":{"_column_size":33,"_inline_size":null,"padding":{"unit":"px","top":"30","right":"50","bottom":"30","left":"50","isLinked":false},"background_color":"#000000","padding_mobile":{"unit":"px","top":"35","right":"35","bottom":"35","left":"35","isLinked":true}},"elements":[{"id":"654ce1e2","settings":{"title":"BANQUET HALL","align":"center","title_color":"#ffffff","typography_typography":"custom","typography_font_size":{"unit":"px","size":25},"typography_font_weight":"600","header_size":"h6"},"elements":[],"isInner":false,"widgetType":"heading","elType":"widget"},{"id":"1d39a61","settings":{"editor":"<p>SWAAD provides the best Banquet from marriage to retirement functions!<\/p>","align":"center","text_color":"#ffffff","typography_typography":"custom","typography_font_size":{"unit":"px","size":16},"typography_font_weight":"300"},"elements":[],"isInner":false,"widgetType":"text-editor","elType":"widget"}],"isInner":true,"elType":"column"}],"isInner":true,"elType":"section"}],"isInner":false,"elType":"column"}],"isInner":false,"elType":"section"}]}