{"version":"0.4","title":"SWAADContactUs","type":"page","content":[{"id":"26df21d2","settings":[],"elements":[{"id":"5984bb6","settings":{"_column_size":100,"_inline_size":null},"elements":[],"isInner":false,"elType":"column"}],"isInner":false,"elType":"section"},{"id":"37714dd2","settings":{"gap":"no","custom_height":{"unit":"px","size":700},"content_position":"middle","structure":"20","padding":{"unit":"px","top":"100","right":"0","bottom":"100","left":"0","isLinked":false},"padding_tablet":{"unit":"px","top":"100","right":"25","bottom":"100","left":"25","isLinked":false},"padding_mobile":{"unit":"px","top":"50","right":"20","bottom":"50","left":"20","isLinked":false},"reverse_order_mobile":"reverse-mobile"},"elements":[{"id":"924f284","settings":{"_column_size":50,"_inline_size":null,"padding":{"unit":"px","top":"0","right":"30","bottom":"0","left":"0","isLinked":false},"padding_tablet":{"unit":"px","top":"0","right":"15","bottom":"0","left":"0","isLinked":false},"_inline_size_tablet":45,"margin_mobile":{"unit":"px","top":"50","right":"0","bottom":"0","left":"0","isLinked":false},"padding_mobile":{"unit":"px","top":"0","right":"0","bottom":"0","left":"0","isLinked":false}},"elements":[{"id":"2ca132da","settings":{"address":"Banjara HIlls,Hyderabad","zoom":{"unit":"px","size":18},"height":{"unit":"px","size":500}},"elements":[],"isInner":false,"widgetType":"google_maps","elType":"widget"}],"isInner":false,"elType":"column"},{"id":"291040da","settings":{"_column_size":50,"_inline_size":null,"padding":{"unit":"px","top":"0","right":"0","bottom":"0","left":"30","isLinked":false},"padding_tablet":{"unit":"px","top":"0","right":"0","bottom":"0","left":"15","isLinked":false},"_inline_size_tablet":55},"elements":[{"id":"3b20054d","settings":{"title":"Get in touch","title_color":"#FFFFFF","typography_typography":"custom","typography_font_size":{"unit":"px","size":65},"typography_font_weight":"900","align":"left","header_size":"h4","typography_font_size_tablet":{"unit":"px","size":45}},"elements":[],"isInner":false,"widgetType":"heading","elType":"widget"},{"id":"4adef9de","settings":{"structure":"20","margin":{"unit":"px","top":"","right":0,"bottom":"","left":0,"isLinked":true},"padding":{"unit":"px","top":"20","right":"0","bottom":"0","left":"0","isLinked":false}},"elements":[{"id":"7fe12386","settings":{"_column_size":50,"_inline_size":50},"elements":[{"id":"6899c5ec","settings":{"title":"Location","header_size":"div","title_color":"#FFFFFF","typography_typography":"custom","typography_font_size":{"unit":"px","size":18},"typography_font_weight":"600","typography_text_transform":"uppercase","_margin":{"unit":"px","top":"0","right":"0","bottom":"0","left":"0","isLinked":false},"_padding":{"unit":"px","top":"0","right":"0","bottom":"0","left":"0","isLinked":true}},"elements":[],"isInner":false,"widgetType":"heading","elType":"widget"},{"id":"241ff766","settings":{"editor":"<p>Road No:19,<\/p><p>Banjara Hills, Hyderabad<\/p>","text_color":"#bfbfbf","typography_typography":"custom","typography_font_size":{"unit":"px","size":16},"typography_font_weight":"300","typography_line_height":{"unit":"em","size":1.8}},"elements":[],"isInner":false,"widgetType":"text-editor","elType":"widget"}],"isInner":true,"elType":"column"},{"id":"6c508100","settings":{"_column_size":50,"_inline_size":50,"margin_tablet":{"unit":"px","top":"0","right":"0","bottom":"0","left":"10","isLinked":false}},"elements":[{"id":"4c96a7c5","settings":{"selected_icon":{"value":"fas fa-phone-alt","library":"fa-solid"},"primary_color":"#FFFFFF","size":{"unit":"px","size":35,"sizes":[]},"_element_width":"auto","_element_vertical_align":"center","_position":"absolute","_offset_x":{"size":125,"unit":"px"},"_offset_y":{"size":-10,"unit":"px"}},"elements":[],"isInner":false,"widgetType":"icon","elType":"widget"},{"id":"1d2081d7","settings":{"title":"Contact Us","header_size":"div","title_color":"#FFFFFF","typography_typography":"custom","typography_font_size":{"unit":"px","size":18},"typography_font_weight":"600","typography_text_transform":"uppercase","_margin":{"unit":"px","top":"0","right":"0","bottom":"0","left":"0","isLinked":false},"_padding":{"unit":"px","top":"0","right":"0","bottom":"0","left":"0","isLinked":true}},"elements":[],"isInner":false,"widgetType":"heading","elType":"widget"},{"id":"684c1701","settings":{"editor":"<p>Phone : 040-2424242<\/p>","text_color":"#bfbfbf","typography_typography":"custom","typography_font_size":{"unit":"px","size":16},"typography_font_weight":"300"},"elements":[],"isInner":false,"widgetType":"text-editor","elType":"widget"},{"id":"763538fd","settings":{"editor":"<p>Email :<\/p><p>swaad@gmail.com<\/p>","text_color":"#bfbfbf","typography_typography":"custom","typography_font_size":{"unit":"px","size":16},"typography_font_weight":"300","_margin":{"unit":"px","top":"-18","right":"0","bottom":"0","left":"0","isLinked":false}},"elements":[],"isInner":false,"widgetType":"text-editor","elType":"widget"}],"isInner":true,"elType":"column"}],"isInner":true,"elType":"section"},{"id":"1f2f5918","settings":{"structure":"20","margin":{"unit":"px","top":"0","right":0,"bottom":"0","left":0,"isLinked":true},"padding":{"unit":"px","top":"30","right":"0","bottom":"0","left":"0","isLinked":false}},"elements":[{"id":"341d2025","settings":{"_column_size":50,"_inline_size":null},"elements":[{"id":"22f0ce10","settings":{"title":"Our Hours","header_size":"div","title_color":"#FFFFFF","typography_typography":"custom","typography_font_size":{"unit":"px","size":18},"typography_font_weight":"600","typography_text_transform":"uppercase","_margin":{"unit":"px","top":"-10","right":"0","bottom":"0","left":"0","isLinked":false},"_padding":{"unit":"px","top":"0","right":"0","bottom":"0","left":"0","isLinked":true}},"elements":[],"isInner":false,"widgetType":"heading","elType":"widget"},{"id":"442c393e","settings":{"editor":"<p>MON-FRI 9:00am - 1:00pm<\/p>","text_color":"#BFBFBF","typography_typography":"custom","typography_font_size":{"unit":"px","size":15},"typography_font_weight":"300"},"elements":[],"isInner":false,"widgetType":"text-editor","elType":"widget"},{"id":"6d37fb94","settings":{"editor":"<p>SAT-SUN 9:00am - 4:00am<\/p>","text_color":"#bfbfbf","typography_typography":"custom","typography_font_size":{"unit":"px","size":15},"typography_font_weight":"300","_margin":{"unit":"px","top":"-18","right":"0","bottom":"0","left":"0","isLinked":false},"_padding":{"unit":"px","top":"0","right":"0","bottom":"0","left":"0","isLinked":true}},"elements":[],"isInner":false,"widgetType":"text-editor","elType":"widget"}],"isInner":true,"elType":"column"},{"id":"3a959608","settings":{"_column_size":50,"_inline_size":null,"margin_tablet":{"unit":"px","top":"0","right":"0","bottom":"0","left":"10","isLinked":false}},"elements":[{"id":"71fb59c2","settings":{"title":"Follow Us","header_size":"div","title_color":"#FFFFFF","typography_typography":"custom","typography_font_size":{"unit":"px","size":18},"typography_font_weight":"600","typography_text_transform":"uppercase","_margin":{"unit":"px","top":"-10","right":"0","bottom":"0","left":"0","isLinked":false},"_padding":{"unit":"px","top":"0","right":"0","bottom":"0","left":"0","isLinked":true}},"elements":[],"isInner":false,"widgetType":"heading","elType":"widget"},{"id":"5ac14faf","settings":{"social_icon_list":[{"social":"fa fa-facebook","_id":"2d0da0c","social_icon":{"value":"fab fa-facebook-f","library":"fa-brands"},"__fa4_migrated":{"social_icon":true}},{"social":"fa fa-twitter","_id":"914746e","social_icon":{"value":"fab fa-twitter","library":"fa-brands"},"__fa4_migrated":{"social_icon":true}},{"social":"fa fa-google-plus","_id":"8a28a95","social_icon":{"value":"fab fa-google-plus-g","library":"fa-brands"},"__fa4_migrated":{"social_icon":true}},{"social":"fa fa-youtube","_id":"d138417","social_icon":{"value":"fab fa-youtube","library":"fa-brands"},"__fa4_migrated":{"social_icon":true}}],"shape":"circle","align":"left","icon_color":"custom","icon_primary_color":"#FFFFFF","icon_secondary_color":"#000000","icon_size":{"unit":"px","size":25},"hover_primary_color":"#00CE5240","hover_secondary_color":"#DD265F","hover_animation":"grow","icon_size_tablet":{"unit":"px","size":16}},"elements":[],"isInner":false,"widgetType":"social-icons","elType":"widget"}],"isInner":true,"elType":"column"}],"isInner":true,"elType":"section"}],"isInner":false,"elType":"column"}],"isInner":false,"elType":"section"}]}