{"version":"0.4","title":"SWAADSweets","type":"page","content":[{"id":"1756af0d","settings":{"section_layout":"","content_width":{"unit":"px","size":"777"},"height":"min-height","custom_height":{"unit":"px","size":"0"},"content_position":"middle","section_style":"","background_background":"classic","background_color":"#ffffff","background_image":{"id":184,"url":"http:\/\/127.0.0.1\/wordpress\/wp-content\/uploads\/2021\/01\/foodiesfeed.com_meanwhile-in-the-kitchen-1.jpg"},"background_position":"center center","background_repeat":"no-repeat","background_size":"cover","section_typo":"","section_advanced":"","padding":{"unit":"px","top":"200","right":"0","bottom":"200","left":"0","isLinked":""},"_section_responsive":"","responsive_description":"","section_structure":"","section_background":"","background_overlay_title":"","background_overlay_background":"classic","background_overlay_color":"#000000","background_overlay_opacity":{"unit":"px","size":"0.6"},"section_border":"","box_shadow_box_shadow":{"horizontal":"0","vertical":"0","blur":"10","spread":"0","inset":"","color":"rgba(0,0,0,0.5)"},"heading_visibility":"","_title":"hero section"},"elements":[{"id":"556f0a05","settings":{"_column_size":"100","section_style":"","section_typo":"","section_advanced":"","section_responsive":"","screen_sm":"default","screen_sm_width":"100","screen_xs":"default","screen_xs_width":"100","box_shadow_box_shadow":{"horizontal":"0","vertical":"0","blur":"10","spread":"0","inset":"","color":"rgba(0,0,0,0.5)"}},"elements":[{"id":"e728a3","settings":{"title":"SWAAD MITHAAS","header_size":"h1","align":"center","title_color":"#F4F4F4","typography_typography":"custom","typography_font_family":"Yeon Sung","typography_font_size":{"unit":"px","size":111,"sizes":[]},"typography_font_weight":"600"},"elements":[],"isInner":false,"widgetType":"heading","elType":"widget"},{"id":"1f522d53","settings":{"editor":"<p>SPECIAL SWEETS, MEMORIES AND LOTS OF LOVE<\/p>","align":"center","text_color":"#E02DC7","typography_typography":"custom","typography_font_family":"Vesper Libre","typography_font_size":{"unit":"px","size":30,"sizes":[]},"typography_font_weight":"400"},"elements":[],"isInner":false,"widgetType":"text-editor","elType":"widget"}],"isInner":"","elType":"column"}],"isInner":"","elType":"section"},{"id":"6d7dec0a","settings":{"section_layout":"","content_width":{"unit":"px","size":"940"},"custom_height":{"unit":"px","size":"400"},"content_position":"middle","section_style":"","section_typo":"","section_advanced":"","padding":{"unit":"px","top":"100","right":"0","bottom":"100","left":"0","isLinked":""},"_section_responsive":"","responsive_description":"","section_structure":"","structure":"20","section_background":"","background_overlay_title":"","background_overlay_opacity":{"unit":"px","size":"0.5"},"section_border":"","box_shadow_box_shadow":{"horizontal":"0","vertical":"0","blur":"10","spread":"0","inset":"","color":"rgba(0,0,0,0.5)"},"heading_visibility":"","_title":"our sweets1"},"elements":[{"id":"13b544f3","settings":{"_column_size":"50","section_style":"","section_typo":"","section_advanced":"","padding":{"unit":"px","top":"0","right":"80","bottom":"0","left":"0","isLinked":""},"section_responsive":"","screen_sm":"default","screen_sm_width":"100","screen_xs":"default","screen_xs_width":"100","box_shadow_box_shadow":{"horizontal":"0","vertical":"0","blur":"10","spread":"0","inset":"","color":"rgba(0,0,0,0.5)"},"padding_tablet":{"unit":"px","top":"0","right":"16","bottom":"0","left":"50","isLinked":""},"padding_mobile":{"unit":"px","top":"0","right":"20","bottom":"0","left":"20","isLinked":""}},"elements":[{"id":"7ac1968b","settings":{"section_title":"","title":"Our Sweets","link":{"is_external":"","url":""},"size":"large","section_title_style":"","title_color":"#E02DC7","typography_typography":"custom","typography_font_size":{"unit":"px","size":"54"},"typography_font_family":"Ovo","typography_text_transform":"uppercase","typography_line_height":{"unit":"em","size":""},"typography_letter_spacing":{"unit":"px","size":"-2"},"_section_style":"","_section_responsive":"","responsive_description":"","_section_background":"","_box_shadow_box_shadow":{"horizontal":"0","vertical":"0","blur":"10","spread":"0","inset":"","color":"rgba(0,0,0,0.5)"},"align_mobile":"center","typography_font_size_tablet":{"unit":"px","size":"45"},"typography_font_size_mobile":{"unit":"px","size":"32"},"typography_line_height_tablet":{"unit":"em","size":""},"typography_line_height_mobile":{"unit":"em","size":""},"typography_letter_spacing_tablet":{"unit":"px","size":""},"typography_letter_spacing_mobile":{"unit":"px","size":""}},"elements":[],"isInner":false,"widgetType":"heading","elType":"widget"},{"id":"2cdc9b85","settings":{"section_divider":"","weight":{"unit":"px","size":"3"},"color":"#eaeaea","width":{"unit":"%","size":"14"},"gap":{"unit":"px","size":"11"},"_section_style":"","_section_responsive":"","responsive_description":"","_section_background":"","_box_shadow_box_shadow":{"horizontal":"0","vertical":"0","blur":"10","spread":"0","inset":"","color":"rgba(0,0,0,0.5)"},"align_mobile":"center","text":"Divider"},"elements":[],"isInner":false,"widgetType":"divider","elType":"widget"},{"id":"405a4725","settings":{"section_editor":"","editor":"<p>Handcrafted delights that instantly brighten up your day. Whether its chocolate, vanilla or cinnamon, we use the finest ingredients to produce these mouth watering artifacts.<\/p>","section_style":"","text_color":"#F2F2F2","typography_font_size":{"unit":"px","size":"15"},"typography_line_height":{"unit":"em","size":""},"typography_letter_spacing":{"unit":"px","size":""},"_section_style":"","_section_responsive":"","responsive_description":"","_section_background":"","_box_shadow_box_shadow":{"horizontal":"0","vertical":"0","blur":"10","spread":"0","inset":"","color":"rgba(0,0,0,0.5)"},"align_mobile":"center","typography_font_size_tablet":{"unit":"px","size":""},"typography_font_size_mobile":{"unit":"px","size":""},"typography_line_height_tablet":{"unit":"em","size":""},"typography_line_height_mobile":{"unit":"em","size":""},"typography_letter_spacing_tablet":{"unit":"px","size":""},"typography_letter_spacing_mobile":{"unit":"px","size":""},"_padding_mobile":{"unit":"px","top":"0","right":"0","bottom":"20","left":"0","isLinked":""}},"elements":[],"isInner":false,"widgetType":"text-editor","elType":"widget"}],"isInner":"","elType":"column"},{"id":"4f49173","settings":{"_column_size":"50","section_style":"","section_typo":"","section_advanced":"","section_responsive":"","screen_sm":"custom","screen_sm_width":"100","screen_xs":"default","screen_xs_width":"100","box_shadow_box_shadow":{"horizontal":"0","vertical":"0","blur":"10","spread":"0","inset":"","color":"rgba(0,0,0,0.5)"},"padding_tablet":{"unit":"%","top":"0","right":"10","bottom":"0","left":"3","isLinked":""},"padding_mobile":{"unit":"%","top":"0","right":"6","bottom":"0","left":"6","isLinked":""}},"elements":[{"id":"2cfd83b7","settings":{"wp_gallery":[{"id":185,"url":"http:\/\/127.0.0.1\/wordpress\/wp-content\/uploads\/2021\/01\/fooodiesfeed.com_sweet-and-salty-brunch.jpg"},{"id":186,"url":"http:\/\/127.0.0.1\/wordpress\/wp-content\/uploads\/2021\/01\/foodiesfeed.com_Wedding_15-crop.jpg"},{"id":188,"url":"http:\/\/127.0.0.1\/wordpress\/wp-content\/uploads\/2021\/01\/foodiesfeed.com_Your-Sunny-Side-Up-2-crop.jpg"},{"id":190,"url":"http:\/\/127.0.0.1\/wordpress\/wp-content\/uploads\/2021\/01\/foodiesfeed.com_traditional-czech-honey-cake-caffee-latte-crop.jpg"},{"id":192,"url":"http:\/\/127.0.0.1\/wordpress\/wp-content\/uploads\/2021\/01\/foodiesfeed.com_homemade-pizza-crop.jpg"},{"id":194,"url":"http:\/\/127.0.0.1\/wordpress\/wp-content\/uploads\/2021\/01\/foodiesfeed.com_homemade-waffles-with-coffee.jpg"}],"thumbnail_size":"full","gallery_columns":"3","image_spacing":"custom","image_spacing_custom":{"unit":"px","size":"20","sizes":[]},"_animation":"tada"},"elements":[],"isInner":false,"widgetType":"image-gallery","elType":"widget"}],"isInner":"","elType":"column"}],"isInner":"","elType":"section"},{"id":"384201a4","settings":{"section_layout":"","content_width":{"unit":"px","size":"940"},"height":"min-height","custom_height":{"unit":"px","size":"500"},"content_position":"middle","section_style":"","background_background":"classic","background_color":"#3a3a3a","background_position":"center center","background_repeat":"no-repeat","background_size":"cover","section_typo":"","text_align":"center","section_advanced":"","_section_responsive":"","responsive_description":"","section_structure":"","section_background":"","background_overlay_title":"","background_overlay_opacity":{"unit":"px","size":"0.5"},"section_border":"","box_shadow_box_shadow":{"horizontal":"0","vertical":"0","blur":"10","spread":"0","inset":"","color":"rgba(0,0,0,0.5)"},"padding_tablet":{"unit":"px","top":"30","right":"0","bottom":"30","left":"0","isLinked":""},"padding_mobile":{"unit":"px","top":"70","right":"0","bottom":"70","left":"0","isLinked":""},"heading_visibility":"","_title":"testimonials"},"elements":[{"id":"26fb17e4","settings":{"_column_size":"100","section_style":"","section_typo":"","section_advanced":"","section_responsive":"","screen_sm":"default","screen_sm_width":"100","screen_xs":"default","screen_xs_width":"100","box_shadow_box_shadow":{"horizontal":"0","vertical":"0","blur":"10","spread":"0","inset":"","color":"rgba(0,0,0,0.5)"},"padding_tablet":{"unit":"px","top":"0","right":"50","bottom":"0","left":"50","isLinked":""},"padding_mobile":{"unit":"px","top":"0","right":"30","bottom":"0","left":"30","isLinked":""}},"elements":[{"id":"196903eb","settings":{"section_title":"","title":"\u201cTasty food, set inside a lovely house.\u201d","link":{"is_external":"","url":""},"size":"large","align":"center","section_title_style":"","title_color":"#E02DC7","typography_typography":"custom","typography_font_size":{"unit":"px","size":"50"},"typography_font_family":"Shadows Into Light","typography_line_height":{"unit":"em","size":""},"typography_letter_spacing":{"unit":"px","size":""},"_section_style":"","_section_responsive":"","responsive_description":"","_section_background":"","_box_shadow_box_shadow":{"horizontal":"0","vertical":"0","blur":"10","spread":"0","inset":"","color":"rgba(0,0,0,0.5)"},"typography_font_size_tablet":{"unit":"px","size":""},"typography_font_size_mobile":{"unit":"px","size":""},"typography_line_height_tablet":{"unit":"em","size":""},"typography_line_height_mobile":{"unit":"em","size":""},"typography_letter_spacing_tablet":{"unit":"px","size":""},"typography_letter_spacing_mobile":{"unit":"px","size":""},"_padding_mobile":{"unit":"px","top":"0","right":"0","bottom":"0","left":"0","isLinked":""}},"elements":[],"isInner":false,"widgetType":"heading","elType":"widget"},{"id":"4aeca3d0","settings":{"section_spacer":"","space":{"unit":"px","size":"10"},"_section_style":"","_section_background":"","_box_shadow_box_shadow":{"horizontal":"0","vertical":"0","blur":"10","spread":"0","inset":"","color":"rgba(0,0,0,0.5)"},"_section_responsive":"","responsive_description":""},"elements":[],"isInner":false,"widgetType":"spacer","elType":"widget"},{"id":"1f1490b5","settings":{"section_testimonial":"","testimonial_content":"It was an real incredible experience for me. The quality of food was only matched by the quality of service I got. I wish I can keep the flavor in my mouth for ever. Thanks for making the evening an unforgettable one.","testimonial_image":{"id":"","url":""},"testimonial_name":"Sandra Files","testimonial_job":"","testimonial_image_position":"top","section_style_testimonial_content":"","content_content_color":"#F2F2F2","content_typography_typography":"custom","content_typography_font_size":{"unit":"px","size":"17"},"content_typography_line_height":{"unit":"em","size":"1.6"},"content_typography_letter_spacing":{"unit":"px","size":""},"section_style_testimonial_image":"","image_size":{"unit":"px","size":"70"},"section_style_testimonial_name":"","name_text_color":"#dfc15e","name_typography_typography":"custom","name_typography_font_size":{"unit":"px","size":"18"},"name_typography_font_family":"Ovo","name_typography_text_transform":"uppercase","name_typography_line_height":{"unit":"em","size":""},"name_typography_letter_spacing":{"unit":"px","size":"9"},"section_style_testimonial_job":"","job_typography_font_size":{"unit":"px","size":"15"},"job_typography_line_height":{"unit":"em","size":""},"job_typography_letter_spacing":{"unit":"px","size":""},"_section_style":"","_section_background":"","_box_shadow_box_shadow":{"horizontal":"0","vertical":"0","blur":"10","spread":"0","inset":"","color":"rgba(0,0,0,0.5)"},"_section_responsive":"","responsive_description":"","content_typography_font_size_tablet":{"unit":"px","size":""},"content_typography_font_size_mobile":{"unit":"px","size":""},"content_typography_line_height_tablet":{"unit":"em","size":""},"content_typography_line_height_mobile":{"unit":"em","size":""},"content_typography_letter_spacing_tablet":{"unit":"px","size":""},"content_typography_letter_spacing_mobile":{"unit":"px","size":""},"name_typography_font_size_tablet":{"unit":"px","size":""},"name_typography_font_size_mobile":{"unit":"px","size":""},"name_typography_line_height_tablet":{"unit":"em","size":""},"name_typography_line_height_mobile":{"unit":"em","size":""},"name_typography_letter_spacing_tablet":{"unit":"px","size":""},"name_typography_letter_spacing_mobile":{"unit":"px","size":""},"job_typography_font_size_tablet":{"unit":"px","size":""},"job_typography_font_size_mobile":{"unit":"px","size":""},"job_typography_line_height_tablet":{"unit":"em","size":""},"job_typography_line_height_mobile":{"unit":"em","size":""},"job_typography_letter_spacing_tablet":{"unit":"px","size":""},"job_typography_letter_spacing_mobile":{"unit":"px","size":""}},"elements":[],"isInner":false,"widgetType":"testimonial","elType":"widget"}],"isInner":"","elType":"column"}],"isInner":"","elType":"section"},{"id":"283d9a0e","settings":{"section_layout":"","content_width":{"unit":"px","size":"940"},"gap":"no","custom_height":{"unit":"px","size":"400"},"section_style":"","background_background":"classic","background_color":"#eeeeee","section_typo":"","section_advanced":"","padding":{"unit":"px","top":"90","right":"0","bottom":"100","left":"0","isLinked":""},"_section_responsive":"","responsive_description":"","section_structure":"","section_background":"","background_overlay_title":"","background_overlay_opacity":{"unit":"px","size":"0.5"},"section_border":"","box_shadow_box_shadow":{"horizontal":"0","vertical":"0","blur":"10","spread":"0","inset":"","color":"rgba(0,0,0,0.5)"},"padding_mobile":{"unit":"px","top":"0","right":"0","bottom":"0","left":"0","isLinked":""},"heading_visibility":"","_title":"breakfast"},"elements":[{"id":"73e3ca75","settings":{"_column_size":"100","section_style":"","section_typo":"","section_advanced":"","section_responsive":"","screen_sm":"default","screen_sm_width":"100","screen_xs":"default","screen_xs_width":"100","box_shadow_box_shadow":{"horizontal":"0","vertical":"0","blur":"10","spread":"0","inset":"","color":"rgba(0,0,0,0.5)"}},"elements":[{"id":"7901ef67","settings":{"section_layout":"","content_width":{"unit":"px","size":"940"},"gap":"no","custom_height_inner":{"unit":"px","size":"400"},"content_position":"middle","section_style":"","section_typo":"","section_advanced":"","margin":{"unit":"px","top":"","right":"0","bottom":"","left":"0","isLinked":"1"},"_section_responsive":"","responsive_description":"","section_structure":"","structure":"20","section_background":"","background_overlay_title":"","background_overlay_opacity":{"unit":"px","size":"0.5"},"section_border":"","box_shadow_box_shadow":{"horizontal":"0","vertical":"0","blur":"10","spread":"0","inset":"","color":"rgba(0,0,0,0.5)"},"heading_visibility":""},"elements":[{"id":"bf3f6c0","settings":{"_column_size":"50","section_style":"","background_background":"classic","background_color":"#ffffff","section_typo":"","text_align":"center","section_advanced":"","padding":{"unit":"%","top":"0","right":"12","bottom":"0","left":"12","isLinked":""},"section_responsive":"","screen_sm":"default","screen_sm_width":"100","screen_xs":"default","screen_xs_width":"100","box_shadow_box_shadow":{"horizontal":"0","vertical":"0","blur":"10","spread":"0","inset":"","color":"rgba(0,0,0,0.5)"},"padding_mobile":{"unit":"px","top":"50","right":"30","bottom":"50","left":"30","isLinked":""}},"elements":[{"id":"31b05d00","settings":{"section_title":"","title":"Tasty Breakfast","link":{"is_external":"","url":""},"size":"large","header_size":"h3","section_title_style":"","title_color":"#E02DC7","typography_typography":"custom","typography_font_size":{"unit":"px","size":"24"},"typography_font_family":"Ovo","typography_text_transform":"uppercase","typography_line_height":{"unit":"em","size":""},"typography_letter_spacing":{"unit":"px","size":""},"_section_style":"","_section_responsive":"","responsive_description":"","_section_background":"","_box_shadow_box_shadow":{"horizontal":"0","vertical":"0","blur":"10","spread":"0","inset":"","color":"rgba(0,0,0,0.5)"},"typography_font_size_tablet":{"unit":"px","size":""},"typography_font_size_mobile":{"unit":"px","size":""},"typography_line_height_tablet":{"unit":"em","size":""},"typography_line_height_mobile":{"unit":"em","size":""},"typography_letter_spacing_tablet":{"unit":"px","size":""},"typography_letter_spacing_mobile":{"unit":"px","size":""}},"elements":[],"isInner":false,"widgetType":"heading","elType":"widget"},{"id":"156494f0","settings":{"section_divider":"","weight":{"unit":"px","size":"3"},"color":"#eaeaea","width":{"unit":"%","size":"14"},"gap":{"unit":"px","size":"7"},"_section_style":"","_section_responsive":"","responsive_description":"","_section_background":"","_box_shadow_box_shadow":{"horizontal":"0","vertical":"0","blur":"10","spread":"0","inset":"","color":"rgba(0,0,0,0.5)"},"text":"Divider"},"elements":[],"isInner":false,"widgetType":"divider","elType":"widget"},{"id":"65a25088","settings":{"section_editor":"","editor":"<p>I am text block. Click edit button to change this text. Lorem ipsum dolor sit amet, consectetur adipiscing elit. Ut elit tellus, luctus nec mattis pulvinar\u00a0<\/p>","section_style":"","text_color":"#020000","typography_font_size":{"unit":"px","size":"15"},"typography_line_height":{"unit":"em","size":""},"typography_letter_spacing":{"unit":"px","size":""},"_section_style":"","_section_responsive":"","responsive_description":"","_section_background":"","_box_shadow_box_shadow":{"horizontal":"0","vertical":"0","blur":"10","spread":"0","inset":"","color":"rgba(0,0,0,0.5)"},"typography_font_size_tablet":{"unit":"px","size":""},"typography_font_size_mobile":{"unit":"px","size":""},"typography_line_height_tablet":{"unit":"em","size":""},"typography_line_height_mobile":{"unit":"em","size":""},"typography_letter_spacing_tablet":{"unit":"px","size":""},"typography_letter_spacing_mobile":{"unit":"px","size":""}},"elements":[],"isInner":false,"widgetType":"text-editor","elType":"widget"}],"isInner":"1","elType":"column"},{"id":"3684516e","settings":{"_column_size":"50","section_style":"","background_background":"classic","background_image":{"id":194,"url":"http:\/\/127.0.0.1\/wordpress\/wp-content\/uploads\/2021\/01\/foodiesfeed.com_homemade-waffles-with-coffee.jpg"},"background_position":"center center","background_repeat":"no-repeat","background_size":"cover","section_typo":"","section_advanced":"","section_responsive":"","screen_sm":"default","screen_sm_width":"50","screen_xs":"default","screen_xs_width":"100","box_shadow_box_shadow":{"horizontal":"0","vertical":"0","blur":"10","spread":"0","inset":"","color":"rgba(0,0,0,0.5)"},"padding_mobile":{"unit":"px","top":"0","right":"0","bottom":"0","left":"0","isLinked":""}},"elements":[{"id":"4f398f96","settings":{"section_spacer":"","space":{"unit":"px","size":"380"},"_section_style":"","_section_responsive":"","responsive_description":"","_section_background":"","_box_shadow_box_shadow":{"horizontal":"0","vertical":"0","blur":"10","spread":"0","inset":"","color":"rgba(0,0,0,0.5)"},"_padding_mobile":{"unit":"px","top":"0","right":"0","bottom":"0","left":"0","isLinked":""}},"elements":[],"isInner":false,"widgetType":"spacer","elType":"widget"}],"isInner":"1","elType":"column"}],"isInner":"1","elType":"section"},{"id":"36471e6e","settings":{"section_layout":"","content_width":{"unit":"px","size":"940"},"gap":"no","custom_height_inner":{"unit":"px","size":"400"},"content_position":"middle","section_style":"","section_typo":"","section_advanced":"","margin":{"unit":"px","top":"","right":"0","bottom":"","left":"0","isLinked":"1"},"_section_responsive":"","responsive_description":"","section_structure":"","structure":"20","section_background":"","background_overlay_title":"","background_overlay_opacity":{"unit":"px","size":"0.5"},"section_border":"","box_shadow_box_shadow":{"horizontal":"0","vertical":"0","blur":"10","spread":"0","inset":"","color":"rgba(0,0,0,0.5)"},"padding_mobile":{"unit":"px","top":"100","right":"0","bottom":"0","left":"0","isLinked":""},"reverse_order_mobile":"reverse-mobile","heading_visibility":""},"elements":[{"id":"49f4f7b","settings":{"_column_size":"50","section_style":"","background_background":"slideshow","section_typo":"","section_advanced":"","section_responsive":"","screen_sm":"default","screen_sm_width":"50","screen_xs":"default","screen_xs_width":"100","box_shadow_box_shadow":{"horizontal":"0","vertical":"0","blur":"10","spread":"0","inset":"","color":"rgba(0,0,0,0.5)"},"background_slideshow_gallery":[{"id":198,"url":"http:\/\/127.0.0.1\/wordpress\/wp-content\/uploads\/2021\/01\/foodiesfeed.com_Wedding_15.jpg"},{"id":200,"url":"http:\/\/127.0.0.1\/wordpress\/wp-content\/uploads\/2021\/01\/foodiesfeed.com_traditional-czech-honey-cake-caffee-latte.jpg"}],"background_slideshow_slide_transition":"slide_left"},"elements":[{"id":"72a5acea","settings":{"space":{"unit":"px","size":"385","sizes":[]},"space_tablet":{"unit":"px","size":"310","sizes":[]}},"elements":[],"isInner":false,"widgetType":"spacer","elType":"widget"}],"isInner":"1","elType":"column"},{"id":"3373c2f8","settings":{"_column_size":"50","section_style":"","background_background":"classic","background_color":"#ffffff","section_typo":"","text_align":"center","section_advanced":"","padding":{"unit":"%","top":"0","right":"12","bottom":"0","left":"12","isLinked":""},"section_responsive":"","screen_sm":"default","screen_sm_width":"50","screen_xs":"default","screen_xs_width":"100","box_shadow_box_shadow":{"horizontal":"0","vertical":"0","blur":"10","spread":"0","inset":"","color":"rgba(0,0,0,0.5)"},"padding_mobile":{"unit":"px","top":"50","right":"30","bottom":"50","left":"30","isLinked":""}},"elements":[{"id":"79cd097b","settings":{"section_title":"","title":"Birthdays &amp; Events","link":{"is_external":"","url":""},"size":"large","header_size":"h3","section_title_style":"","title_color":"#E02DC7","typography_typography":"custom","typography_font_size":{"unit":"px","size":"24"},"typography_font_family":"Ovo","typography_text_transform":"uppercase","typography_line_height":{"unit":"em","size":""},"typography_letter_spacing":{"unit":"px","size":""},"_section_style":"","_section_responsive":"","responsive_description":"","_section_background":"","_box_shadow_box_shadow":{"horizontal":"0","vertical":"0","blur":"10","spread":"0","inset":"","color":"rgba(0,0,0,0.5)"},"typography_font_size_tablet":{"unit":"px","size":""},"typography_font_size_mobile":{"unit":"px","size":""},"typography_line_height_tablet":{"unit":"em","size":""},"typography_line_height_mobile":{"unit":"em","size":""},"typography_letter_spacing_tablet":{"unit":"px","size":""},"typography_letter_spacing_mobile":{"unit":"px","size":""}},"elements":[],"isInner":false,"widgetType":"heading","elType":"widget"},{"id":"5dc1d035","settings":{"section_divider":"","weight":{"unit":"px","size":"3"},"color":"#eaeaea","width":{"unit":"%","size":"14"},"gap":{"unit":"px","size":"7"},"_section_style":"","_section_responsive":"","responsive_description":"","_section_background":"","_box_shadow_box_shadow":{"horizontal":"0","vertical":"0","blur":"10","spread":"0","inset":"","color":"rgba(0,0,0,0.5)"},"text":"Divider"},"elements":[],"isInner":false,"widgetType":"divider","elType":"widget"},{"id":"76f01353","settings":{"section_editor":"","editor":"<p>I am text block. Click edit button to change this text. Lorem ipsum dolor sit amet, consectetur adipiscing elit. Ut elit tellus, luctus nec mattis pulvinar\u00a0<\/p>","section_style":"","text_color":"#a3a3a3","typography_font_size":{"unit":"px","size":"15"},"typography_line_height":{"unit":"em","size":""},"typography_letter_spacing":{"unit":"px","size":""},"_section_style":"","_section_responsive":"","responsive_description":"","_section_background":"","_box_shadow_box_shadow":{"horizontal":"0","vertical":"0","blur":"10","spread":"0","inset":"","color":"rgba(0,0,0,0.5)"},"typography_font_size_tablet":{"unit":"px","size":""},"typography_font_size_mobile":{"unit":"px","size":""},"typography_line_height_tablet":{"unit":"em","size":""},"typography_line_height_mobile":{"unit":"em","size":""},"typography_letter_spacing_tablet":{"unit":"px","size":""},"typography_letter_spacing_mobile":{"unit":"px","size":""}},"elements":[],"isInner":false,"widgetType":"text-editor","elType":"widget"}],"isInner":"1","elType":"column"}],"isInner":"1","elType":"section"},{"id":"51404fad","settings":{"section_layout":"","content_width":{"unit":"px","size":"940"},"gap":"no","custom_height_inner":{"unit":"px","size":"400"},"content_position":"middle","section_style":"","section_typo":"","section_advanced":"","margin":{"unit":"px","top":"","right":"0","bottom":"","left":"0","isLinked":"1"},"_section_responsive":"","responsive_description":"","section_structure":"","structure":"20","section_background":"","background_overlay_title":"","background_overlay_opacity":{"unit":"px","size":"0.5"},"section_border":"","box_shadow_box_shadow":{"horizontal":"0","vertical":"0","blur":"10","spread":"0","inset":"","color":"rgba(0,0,0,0.5)"},"padding_mobile":{"unit":"px","top":"100","right":"0","bottom":"0","left":"0","isLinked":""},"heading_visibility":""},"elements":[{"id":"1518bf90","settings":{"_column_size":"50","section_style":"","background_background":"classic","background_color":"#ffffff","section_typo":"","text_align":"center","section_advanced":"","padding":{"unit":"%","top":"0","right":"12","bottom":"0","left":"12","isLinked":""},"section_responsive":"","screen_sm":"default","screen_sm_width":"50","screen_xs":"default","screen_xs_width":"100","box_shadow_box_shadow":{"horizontal":"0","vertical":"0","blur":"10","spread":"0","inset":"","color":"rgba(0,0,0,0.5)"},"padding_mobile":{"unit":"px","top":"50","right":"30","bottom":"30","left":"30","isLinked":""}},"elements":[{"id":"12be80ba","settings":{"section_title":"","title":"Fresh Coffee","link":{"is_external":"","url":""},"size":"large","header_size":"h3","section_title_style":"","title_color":"#E02DC7","typography_typography":"custom","typography_font_size":{"unit":"px","size":"24"},"typography_font_family":"Ovo","typography_text_transform":"uppercase","typography_line_height":{"unit":"em","size":""},"typography_letter_spacing":{"unit":"px","size":""},"_section_style":"","_section_responsive":"","responsive_description":"","_section_background":"","_box_shadow_box_shadow":{"horizontal":"0","vertical":"0","blur":"10","spread":"0","inset":"","color":"rgba(0,0,0,0.5)"},"typography_font_size_tablet":{"unit":"px","size":""},"typography_font_size_mobile":{"unit":"px","size":""},"typography_line_height_tablet":{"unit":"em","size":""},"typography_line_height_mobile":{"unit":"em","size":""},"typography_letter_spacing_tablet":{"unit":"px","size":""},"typography_letter_spacing_mobile":{"unit":"px","size":""}},"elements":[],"isInner":false,"widgetType":"heading","elType":"widget"},{"id":"362ad320","settings":{"section_divider":"","weight":{"unit":"px","size":"3"},"color":"#eaeaea","width":{"unit":"%","size":"14"},"gap":{"unit":"px","size":"7"},"_section_style":"","_section_responsive":"","responsive_description":"","_section_background":"","_box_shadow_box_shadow":{"horizontal":"0","vertical":"0","blur":"10","spread":"0","inset":"","color":"rgba(0,0,0,0.5)"},"text":"Divider"},"elements":[],"isInner":false,"widgetType":"divider","elType":"widget"},{"id":"75a7c5d4","settings":{"section_editor":"","editor":"<p>I am text block. Click edit button to change this text. Lorem ipsum dolor sit amet, consectetur adipiscing elit. Ut elit tellus, luctus nec mattis pulvinar\u00a0<\/p>","section_style":"","text_color":"#a3a3a3","typography_font_size":{"unit":"px","size":"15"},"typography_line_height":{"unit":"em","size":""},"typography_letter_spacing":{"unit":"px","size":""},"_section_style":"","_section_responsive":"","responsive_description":"","_section_background":"","_box_shadow_box_shadow":{"horizontal":"0","vertical":"0","blur":"10","spread":"0","inset":"","color":"rgba(0,0,0,0.5)"},"typography_font_size_tablet":{"unit":"px","size":""},"typography_font_size_mobile":{"unit":"px","size":""},"typography_line_height_tablet":{"unit":"em","size":""},"typography_line_height_mobile":{"unit":"em","size":""},"typography_letter_spacing_tablet":{"unit":"px","size":""},"typography_letter_spacing_mobile":{"unit":"px","size":""}},"elements":[],"isInner":false,"widgetType":"text-editor","elType":"widget"}],"isInner":"1","elType":"column"},{"id":"351ec08e","settings":{"_column_size":"50","section_style":"","section_typo":"","section_advanced":"","section_responsive":"","screen_sm":"default","screen_sm_width":"50","screen_xs":"default","screen_xs_width":"100","box_shadow_box_shadow":{"horizontal":"0","vertical":"0","blur":"10","spread":"0","inset":"","color":"rgba(0,0,0,0.5)"}},"elements":[{"id":"1c063236","settings":{"section_video":"","link":"https:\/\/www.youtube.com\/watch?v=9uOETcuFjbE","vimeo_link":"https:\/\/vimeo.com\/170933924","hosted_link":"","aspect_ratio":"43","heading_youtube":"","yt_autoplay":"no","yt_rel":"no","yt_controls":"yes","yt_showinfo":"yes","vimeo_autoplay":"no","vimeo_loop":"no","vimeo_color":"","section_image_overlay":"","show_image_overlay":"yes","image_overlay":{"id":202,"url":"http:\/\/127.0.0.1\/wordpress\/wp-content\/uploads\/2021\/01\/foodiesfeed.com_get-ready-for-your-espresso.jpg"},"_section_style":"","_section_responsive":"","responsive_description":"","_section_background":"","_box_shadow_box_shadow":{"horizontal":"0","vertical":"0","blur":"10","spread":"0","inset":"","color":"rgba(0,0,0,0.5)"},"autoplay":"no","rel":"no","youtube_url":"https:\/\/www.youtube.com\/watch?v=9uOETcuFjbE","vimeo_url":"https:\/\/vimeo.com\/235215203","dailymotion_url":"https:\/\/www.dailymotion.com\/video\/x6tqhqb"},"elements":[],"isInner":false,"widgetType":"video","elType":"widget"}],"isInner":"1","elType":"column"}],"isInner":"1","elType":"section"}],"isInner":"","elType":"column"}],"isInner":"","elType":"section"},{"id":"51086567","settings":{"section_layout":"","content_width":{"unit":"px","size":"940"},"custom_height":{"unit":"px","size":"400"},"content_position":"middle","section_style":"","background_background":"classic","background_image":{"id":184,"url":"http:\/\/127.0.0.1\/wordpress\/wp-content\/uploads\/2021\/01\/foodiesfeed.com_meanwhile-in-the-kitchen-1.jpg"},"background_position":"center center","background_attachment":"fixed","background_repeat":"no-repeat","background_size":"cover","section_typo":"","text_align":"center","section_advanced":"","padding":{"unit":"px","top":"80","right":"0","bottom":"80","left":"0","isLinked":""},"_section_responsive":"","responsive_description":"","section_structure":"","section_background":"","background_overlay_title":"","background_overlay_background":"classic","background_overlay_color":"#000000","background_overlay_opacity":{"unit":"px","size":"0.75"},"section_border":"","box_shadow_box_shadow":{"horizontal":"0","vertical":"0","blur":"10","spread":"0","inset":"","color":"rgba(0,0,0,0.5)"},"heading_visibility":"","_title":"our sweets2"},"elements":[{"id":"1201bf5c","settings":{"_column_size":"100","section_style":"","section_typo":"","section_advanced":"","section_responsive":"","screen_sm":"default","screen_sm_width":"100","screen_xs":"default","screen_xs_width":"100","box_shadow_box_shadow":{"horizontal":"0","vertical":"0","blur":"10","spread":"0","inset":"","color":"rgba(0,0,0,0.5)"}},"elements":[{"id":"2ec21f21","settings":{"section_title":"","title":"Our Sweets Collection","link":{"is_external":"","url":""},"size":"large","align":"center","section_title_style":"","title_color":"#E02DC7","typography_typography":"custom","typography_font_size":{"unit":"px","size":"50"},"typography_font_family":"Shadows Into Light","typography_line_height":{"unit":"em","size":""},"typography_letter_spacing":{"unit":"px","size":""},"_section_style":"","_section_responsive":"","responsive_description":"","_section_background":"","_box_shadow_box_shadow":{"horizontal":"0","vertical":"0","blur":"10","spread":"0","inset":"","color":"rgba(0,0,0,0.5)"},"typography_font_size_tablet":{"unit":"px","size":""},"typography_font_size_mobile":{"unit":"px","size":""},"typography_line_height_tablet":{"unit":"em","size":""},"typography_line_height_mobile":{"unit":"em","size":""},"typography_letter_spacing_tablet":{"unit":"px","size":""},"typography_letter_spacing_mobile":{"unit":"px","size":""}},"elements":[],"isInner":false,"widgetType":"heading","elType":"widget"},{"id":"35d0c71f","settings":{"section_editor":"","editor":"<p>The best way to experience our wide collection of sweets is to visit the store. Follow the aromas and choose the most enticing sweets to satisfy your palate.<\/p>","section_style":"","text_color":"#bababa","typography_typography":"custom","typography_font_size":{"unit":"px","size":"17"},"typography_line_height":{"unit":"em","size":""},"typography_letter_spacing":{"unit":"px","size":""},"_section_style":"","_padding":{"unit":"%","top":"0","right":"16","bottom":"0","left":"16","isLinked":""},"_section_responsive":"","responsive_description":"","_section_background":"","_box_shadow_box_shadow":{"horizontal":"0","vertical":"0","blur":"10","spread":"0","inset":"","color":"rgba(0,0,0,0.5)"},"typography_font_size_tablet":{"unit":"px","size":""},"typography_font_size_mobile":{"unit":"px","size":""},"typography_line_height_tablet":{"unit":"em","size":""},"typography_line_height_mobile":{"unit":"em","size":""},"typography_letter_spacing_tablet":{"unit":"px","size":""},"typography_letter_spacing_mobile":{"unit":"px","size":""}},"elements":[],"isInner":false,"widgetType":"text-editor","elType":"widget"},{"id":"213860cb","settings":{"section_spacer":"","space":{"unit":"px","size":"25"},"_section_style":"","_section_responsive":"","responsive_description":"","_section_background":"","_box_shadow_box_shadow":{"horizontal":"0","vertical":"0","blur":"10","spread":"0","inset":"","color":"rgba(0,0,0,0.5)"}},"elements":[],"isInner":false,"widgetType":"spacer","elType":"widget"},{"id":"3a52ff41","settings":{"carousel":[{"id":194,"url":"http:\/\/127.0.0.1\/wordpress\/wp-content\/uploads\/2021\/01\/foodiesfeed.com_homemade-waffles-with-coffee.jpg"},{"id":200,"url":"http:\/\/127.0.0.1\/wordpress\/wp-content\/uploads\/2021\/01\/foodiesfeed.com_traditional-czech-honey-cake-caffee-latte.jpg"},{"id":204,"url":"http:\/\/127.0.0.1\/wordpress\/wp-content\/uploads\/2021\/01\/foodiesfeed.com_homemade-pizza.jpg"},{"id":198,"url":"http:\/\/127.0.0.1\/wordpress\/wp-content\/uploads\/2021\/01\/foodiesfeed.com_Wedding_15.jpg"},{"id":208,"url":"http:\/\/127.0.0.1\/wordpress\/wp-content\/uploads\/2021\/01\/foodiesfeed.com_Your-Sunny-Side-Up-2-1.jpg"}],"thumbnail_size":"custom","thumbnail_custom_dimension":{"width":"400","height":"250"},"slides_to_show":"3","slides_to_scroll":"2","navigation":"arrows","autoplay":"no","pause_on_hover":"no","pause_on_interaction":"no","autoplay_speed":500,"speed":1000,"arrows_position":"outside","arrows_size":{"unit":"px","size":21,"sizes":[]},"image_spacing":"custom","image_border_radius":{"unit":"px","top":"6","right":"6","bottom":"6","left":"6","isLinked":true}},"elements":[],"isInner":false,"widgetType":"image-carousel","elType":"widget"},{"id":"12eea69b","settings":{"section_spacer":"","space":{"unit":"px","size":"25"},"_section_style":"","_section_responsive":"","responsive_description":"","_section_background":"","_box_shadow_box_shadow":{"horizontal":"0","vertical":"0","blur":"10","spread":"0","inset":"","color":"rgba(0,0,0,0.5)"}},"elements":[],"isInner":false,"widgetType":"spacer","elType":"widget"},{"id":"519ef01e","settings":{"section_button":"","text":"More Sweets","link":{"is_external":"","url":"#"},"align":"center","icon":"","icon_indent":{"unit":"px","size":""},"section_style":"","button_text_color":"#E02DC7","typography_typography":"custom","typography_font_size":{"unit":"px","size":"13"},"typography_font_family":"Roboto","typography_font_weight":"600","typography_text_transform":"uppercase","typography_line_height":{"unit":"em","size":"1"},"typography_letter_spacing":{"unit":"px","size":""},"background_color":"rgba(223,193,94,0)","border_border":"solid","border_width":{"unit":"px","top":"2","right":"2","bottom":"2","left":"2","isLinked":"1"},"border_radius":{"unit":"px","top":"50","right":"50","bottom":"50","left":"50","isLinked":"1"},"section_hover":"","hover_color":"#ffffff","button_background_hover_color":"#E02DC7","button_hover_border_color":"#F5F1E5","_section_style":"","_section_responsive":"","responsive_description":"","_section_background":"","_box_shadow_box_shadow":{"horizontal":"0","vertical":"0","blur":"10","spread":"0","inset":"","color":"rgba(0,0,0,0.5)"},"typography_font_size_tablet":{"unit":"px","size":""},"typography_font_size_mobile":{"unit":"px","size":""},"typography_line_height_tablet":{"unit":"em","size":""},"typography_line_height_mobile":{"unit":"em","size":""},"typography_letter_spacing_tablet":{"unit":"px","size":""},"typography_letter_spacing_mobile":{"unit":"px","size":""}},"elements":[],"isInner":false,"widgetType":"button","elType":"widget"}],"isInner":"","elType":"column"}],"isInner":"","elType":"section"}]}