{"version":"0.4","title":"SWAADHome","type":"page","content":[{"id":"23769ca0","settings":{"background_background":"classic","background_image":{"id":659,"url":"https:\/\/websitedemos.net\/italian-restaurant-02\/wp-content\/uploads\/sites\/283\/2020\/01\/fresco-pizza-top.jpg"},"background_attachment":"fixed","background_repeat":"no-repeat","background_size":"cover","background_overlay_background":"gradient","background_overlay_color_b":"#000000","background_overlay_color_b_stop":{"unit":"%","size":20},"background_overlay_gradient_angle":{"unit":"deg","size":0},"background_overlay_opacity":{"unit":"px","size":0.58},"gap":"no","padding_tablet":{"unit":"px","top":"100","right":"30","bottom":"101","left":"30","isLinked":false},"padding_mobile":{"unit":"px","top":"100","right":"0","bottom":"100","left":"0","isLinked":false},"background_color":"rgba(0, 0, 0, 0.52)","padding":{"unit":"px","top":"200","right":"0","bottom":"200","left":"0","isLinked":false},"background_gradient_angle":{"unit":"deg","size":230},"structure":"34","background_overlay_color":"#0c0c0c","background_overlay_position":"center center","background_overlay_attachment":"scroll","background_overlay_repeat":"no-repeat","background_overlay_size":"cover","shape_divider_bottom_color":"rgba(0,0,0,0.61)","margin":{"unit":"px","top":"0","right":0,"bottom":"0","left":0,"isLinked":true},"shape_divider_bottom_width":{"unit":"%","size":100},"shape_divider_bottom_height":{"unit":"px","size":110},"layout":"full_width"},"elements":[{"id":"76ec8171","settings":{"_column_size":16,"_inline_size":24,"content_position":"center","_inline_size_mobile":10},"elements":[{"id":"6e879a4a","settings":{"image":{"url":"http:\/\/127.0.0.1\/wordpress\/wp-content\/uploads\/2021\/01\/spice-chiles-paprika-370114.jpg","id":98},"image_size":"full","opacity":{"unit":"px","size":1,"sizes":[]},"image_border_border":"groove","_animation":"fadeInDown"},"elements":[],"isInner":false,"widgetType":"image","elType":"widget"}],"isInner":false,"elType":"column"},{"id":"2187163f","settings":{"_column_size":66,"_inline_size":50.665,"background_background":"classic","padding":{"unit":"px","top":"70","right":"30","bottom":"70","left":"30","isLinked":false},"content_position":"center","padding_tablet":{"unit":"px","top":"0","right":"0","bottom":"0","left":"0","isLinked":false},"_inline_size_mobile":80},"elements":[{"id":"150d00c7","settings":{"title":"SWAAD","title_color":"#ffffff","typography_typography":"custom","typography_font_size":{"unit":"px","size":160},"text_shadow_text_shadow":{"horizontal":0,"vertical":0,"blur":41,"color":"#000e14"},"typography_font_size_mobile":{"unit":"px","size":75},"typography_line_height_mobile":{"unit":"px","size":""},"_margin":{"unit":"px","top":"0","right":"0","bottom":"0","left":"0","isLinked":true},"_padding":{"unit":"px","top":"0","right":"0","bottom":"0","left":"0","isLinked":false},"align":"center","_background_background":"classic","header_size":"h1","_z_index":0,"text_shadow_text_shadow_type":"yes","typography_letter_spacing":{"unit":"px","size":""},"_animation":"slideInDown","typography_font_size_tablet":{"unit":"px","size":110},"_padding_tablet":{"unit":"px","top":"25","right":"0","bottom":"0","left":"0","isLinked":false},"typography_font_family":"Yeon Sung"},"elements":[],"isInner":false,"widgetType":"heading","elType":"widget"},{"id":"53db246a","settings":{"title":"Indian Specialities","title_color":"#ff770f","typography_font_size":{"unit":"px","size":""},"text_shadow_text_shadow":{"horizontal":0,"vertical":0,"blur":15,"color":"#000000"},"typography_font_size_mobile":{"unit":"px","size":""},"typography_line_height_mobile":{"unit":"px","size":""},"_margin":{"unit":"px","top":"0","right":"0","bottom":"0","left":"0","isLinked":false},"_padding":{"unit":"px","top":"0","right":"0","bottom":"0","left":"0","isLinked":false},"align":"center","typography_letter_spacing":{"unit":"px","size":""},"_background_background":"classic","_z_index":0,"typography_font_size_tablet":{"unit":"px","size":""},"typography_letter_spacing_tablet":{"unit":"px","size":""},"_padding_tablet":{"unit":"px","top":"19","right":"0","bottom":"0","left":"0","isLinked":false},"typography_letter_spacing_mobile":{"unit":"px","size":""},"_padding_mobile":{"unit":"px","top":"0","right":"0","bottom":"0","left":"0","isLinked":false},"typography_line_height":{"unit":"em","size":""},"header_size":"h3"},"elements":[],"isInner":false,"widgetType":"heading","elType":"widget"},{"id":"192f9587","settings":{"structure":"33","margin_mobile":{"unit":"px","top":"-30","right":0,"bottom":"0","left":0,"isLinked":false},"padding_mobile":{"unit":"px","top":"0","right":"0","bottom":"0","left":"0","isLinked":false}},"elements":[{"id":"502bac97","settings":{"_column_size":25,"_inline_size":27,"content_position":"center","_inline_size_tablet":25},"elements":[{"id":"63ea4269","settings":{"color":"#ffffff","hide_mobile":"hidden-phone","text":"Divider"},"elements":[],"isInner":false,"widgetType":"divider","elType":"widget"}],"isInner":true,"elType":"column"},{"id":"1b584432","settings":{"_column_size":50,"_inline_size":45.998,"content_position":"center","_inline_size_tablet":50},"elements":[{"id":"3867c074","settings":{"title":"The Taste of India","header_size":"h3","align":"center","title_color":"rgba(255,255,255,0.84)","typography_line_height":{"unit":"em","size":""},"_padding":{"unit":"px","top":"0","right":"0","bottom":"0","left":"0","isLinked":false},"typography_font_size_tablet":{"unit":"px","size":""},"typography_letter_spacing_tablet":{"unit":"px","size":""},"_padding_tablet":{"unit":"px","top":"0","right":"0","bottom":"0","left":"0","isLinked":false},"typography_line_height_tablet":{"unit":"em","size":""}},"elements":[],"isInner":false,"widgetType":"heading","elType":"widget"}],"isInner":true,"elType":"column"},{"id":"2ecdeafe","settings":{"_column_size":25,"_inline_size":27,"content_position":"center","_inline_size_tablet":25},"elements":[{"id":"35bf835f","settings":{"color":"#ffffff","hide_mobile":"hidden-phone","text":"Divider"},"elements":[],"isInner":false,"widgetType":"divider","elType":"widget"}],"isInner":true,"elType":"column"}],"isInner":true,"elType":"section"}],"isInner":false,"elType":"column"},{"id":"22e4f3de","settings":{"_column_size":16,"_inline_size":24,"content_position":"center","_inline_size_mobile":10},"elements":[{"id":"583d8c84","settings":{"image":{"url":"http:\/\/127.0.0.1\/wordpress\/wp-content\/uploads\/2021\/01\/paneer-tikka-cheese-seek-4929034.jpg","id":99},"align":"center","opacity":{"unit":"px","size":1,"sizes":[]},"image_border_border":"solid","_animation":"fadeInDown"},"elements":[],"isInner":false,"widgetType":"image","elType":"widget"}],"isInner":false,"elType":"column"}],"isInner":false,"elType":"section"},{"id":"14c8a882","settings":{"stretch_section":"section-stretched","structure":"30","background_background":"classic","background_image":{"url":"https:\/\/websitedemos.net\/italian-restaurant-02\/wp-content\/uploads\/sites\/283\/2018\/09\/pic28-free-img.jpg","id":130},"background_position":"center center","background_attachment":"fixed","background_repeat":"no-repeat","background_size":"contain","background_overlay_background":"classic","background_overlay_color":"#ffffff","background_overlay_opacity":{"unit":"px","size":0.85},"padding":{"unit":"px","top":"120","right":"0","bottom":"80","left":"0","isLinked":false},"padding_tablet":{"unit":"px","top":"60","right":"40","bottom":"60","left":"40","isLinked":false},"padding_mobile":{"unit":"px","top":"60","right":"25","bottom":"0","left":"25","isLinked":false}},"elements":[{"id":"3a398369","settings":{"_column_size":33,"_inline_size":null,"content_position":"center","margin":{"unit":"px","top":"0","right":"0","bottom":"0","left":"0","isLinked":false},"padding":{"unit":"px","top":"0","right":"0","bottom":"0","left":"0","isLinked":false},"_inline_size_tablet":50},"elements":[{"id":"260dcbee","settings":{"background_background":"classic"},"elements":[{"id":"6d73ed29","settings":{"_column_size":100,"_inline_size":null,"content_position":"center","padding":{"unit":"px","top":"0","right":"0","bottom":"0","left":"0","isLinked":false},"padding_mobile":{"unit":"px","top":"0","right":"0","bottom":"0","left":"0","isLinked":false}},"elements":[{"id":"59610bfd","settings":{"title":"\nCountry's Most Loved!","header_size":"h5","align":"left","typography_line_height":{"unit":"em","size":""},"_padding":{"unit":"px","top":"0","right":"0","bottom":"0","left":"0","isLinked":false},"align_mobile":"center","typography_typography":"custom","title_color":"#3B484D"},"elements":[],"isInner":false,"widgetType":"heading","elType":"widget"},{"id":"72076b73","settings":{"icon":"","title_text":"Welcome","description_text":"","position":"left","title_size":"h2","icon_space":{"unit":"px","size":0},"icon_size":{"unit":"px","size":6},"title_bottom_space":{"unit":"px","size":0},"_margin":{"unit":"px","top":"0","right":"0","bottom":"0","left":"0","isLinked":false},"title_bottom_space_mobile":{"unit":"px","size":28},"title_typography_line_height_mobile":{"unit":"px","size":""},"_margin_mobile":{"unit":"px","top":"0","right":"0","bottom":"0","left":"0","isLinked":false},"_padding_mobile":{"unit":"px","top":"0","right":"0","bottom":"0","left":"0","isLinked":false},"text_align":"left","text_align_mobile":"center","_padding":{"unit":"px","top":"0","right":"0","bottom":"0","left":"0","isLinked":false},"title_typography_font_size_mobile":{"unit":"px","size":""},"selected_icon":{"value":"","library":""},"title_typography_typography":"custom","title_color":"#000000","title_typography_font_family":"Times New Roman","title_typography_text_transform":"uppercase","title_typography_font_style":"italic","_animation":"fadeInLeft"},"elements":[],"isInner":false,"widgetType":"icon-box","elType":"widget"},{"id":"a039098","settings":{"icon":"","title_text":"We Are Locally Crafted Food  Serving Since 1978.","description_text":"Our tradition of food and hospitality began in 1924 with the establishment of the SWAAD Restaurant by the Maiya family in Bangalore.","text_align":"left","title_typography_line_height":{"unit":"em","size":""},"text_align_mobile":"center","selected_icon":{"value":"","library":""},"title_color":"#4D071F","description_color":"#140909"},"elements":[],"isInner":false,"widgetType":"icon-box","elType":"widget"},{"id":"12d180b9","settings":{"text":"More About Us","typography_font_size":{"unit":"px","size":""},"typography_line_height":{"unit":"em","size":""},"typography_letter_spacing":{"unit":"px","size":""},"border_width":{"unit":"px","top":"2","right":"2","bottom":"2","left":"2","isLinked":true},"_margin":{"unit":"px","top":"28","right":"0","bottom":"0","left":"0","isLinked":false},"icon":"fa fa-arrow-right","icon_align":"right","icon_indent":{"unit":"px","size":15},"align_mobile":"center","hover_animation":"sink","selected_icon":{"value":"fas fa-arrow-right","library":"fa-solid"},"align":"left","__fa4_migrated":{"selected_icon":true}},"elements":[],"isInner":false,"widgetType":"button","elType":"widget"}],"isInner":true,"elType":"column"}],"isInner":true,"elType":"section"}],"isInner":false,"elType":"column"},{"id":"6b54398d","settings":{"_column_size":33,"_inline_size":33.664,"content_position":"bottom","_inline_size_tablet":10,"padding_mobile":{"unit":"px","top":"16","right":"0","bottom":"0","left":"0","isLinked":false},"padding":{"unit":"px","top":"0","right":"0","bottom":"0","left":"0","isLinked":false},"space_between_widgets_mobile":20},"elements":[{"id":"2d86c38b","settings":{"image":{"url":"http:\/\/127.0.0.1\/wordpress\/wp-content\/uploads\/2021\/01\/india-indian-indian-food-1481504.jpg","id":100},"align":"center","_padding":{"unit":"px","top":"0","right":"60","bottom":"0","left":"0","isLinked":false},"hide_tablet":"hidden-tablet","align_mobile":"center","image_size":"full","opacity":{"unit":"px","size":1,"sizes":[]}},"elements":[],"isInner":false,"widgetType":"image","elType":"widget"}],"isInner":false,"elType":"column"},{"id":"36729b2a","settings":{"_column_size":33,"_inline_size":33,"content_position":"bottom","background_background":"classic","background_position":"bottom left","background_repeat":"no-repeat","margin":{"unit":"px","top":"0","right":"0","bottom":"0","left":"0","isLinked":false},"padding":{"unit":"em","top":"0","right":"0","bottom":"0","left":"0","isLinked":false},"background_image":{"url":"https:\/\/websitedemos.net\/italian-restaurant-02\/wp-content\/uploads\/sites\/283\/2019\/12\/food-table-meet.jpg","id":608},"background_size":"cover","box_shadow_box_shadow_type":"yes","box_shadow_box_shadow":{"horizontal":0,"vertical":24,"blur":41,"spread":-19,"color":"rgba(0,0,0,0.5)"},"_inline_size_tablet":40,"margin_mobile":{"unit":"px","top":"30","right":"0","bottom":"0","left":"0","isLinked":false},"padding_mobile":{"unit":"px","top":"150","right":"0","bottom":"0","left":"0","isLinked":false}},"elements":[{"id":"5c2a5de0","settings":{"icon":"","title_text":"Hours","description_text":"Monday - Saturday | 9AM - 1PM<\/br>\nSaturday - Sunday | 9AM - 4AM","icon_space":{"unit":"px","size":0},"icon_size":{"unit":"px","size":24},"title_bottom_space":{"unit":"px","size":17},"title_color":"#ffffff","description_color":"#ffffff","_margin":{"unit":"px","top":"-10","right":"0","bottom":"0","left":"0","isLinked":false},"title_bottom_space_mobile":{"unit":"px","size":28},"title_typography_line_height_mobile":{"unit":"px","size":""},"_margin_mobile":{"unit":"px","top":"0","right":"0","bottom":"0","left":"0","isLinked":false},"_padding_mobile":{"unit":"px","top":"120","right":"15","bottom":"30","left":"15","isLinked":false},"text_align":"center","text_align_mobile":"center","primary_color":"#ffffff","title_typography_letter_spacing":{"unit":"px","size":""},"description_typography_font_size":{"unit":"px","size":""},"_padding":{"unit":"px","top":"150","right":"40","bottom":"40","left":"40","isLinked":false},"_background_background":"gradient","_background_color":"rgba(0,0,0,0)","_background_position":"top center","_background_repeat":"no-repeat","_border_width":{"unit":"px","top":"5","right":"5","bottom":"5","left":"5","isLinked":true},"_border_color":"#070707","_box_shadow_box_shadow":{"horizontal":18,"vertical":0,"blur":10,"spread":0,"color":"rgba(0,0,0,0.5)"},"content_vertical_alignment":"bottom","_background_color_b":"rgba(0,0,0,0.85)","selected_icon":{"value":"","library":""},"title_size":"h2","title_typography_typography":"custom"},"elements":[],"isInner":false,"widgetType":"icon-box","elType":"widget"}],"isInner":false,"elType":"column"}],"isInner":false,"elType":"section"},{"id":"4db32f16","settings":{"structure":"34","padding":{"unit":"px","top":"60","right":"0","bottom":"120","left":"0","isLinked":false},"padding_tablet":{"unit":"px","top":"0","right":"0","bottom":"60","left":"0","isLinked":false},"background_background":"classic","background_color":"rgba(0,0,0,0)","background_image":{"url":"https:\/\/websitedemos.net\/italian-restaurant-02\/wp-content\/uploads\/sites\/283\/2018\/09\/pic28-free-img.jpg","id":130},"background_position":"center center","background_attachment":"fixed","background_repeat":"no-repeat","background_size":"contain","background_overlay_background":"classic","background_overlay_color":"#ffffff","background_overlay_opacity":{"unit":"px","size":0.85},"padding_mobile":{"unit":"px","top":"70","right":"25","bottom":"60","left":"25","isLinked":false}},"elements":[{"id":"537a806b","settings":{"_column_size":16,"_inline_size":16},"elements":[],"isInner":false,"elType":"column"},{"id":"5a2106f","settings":{"_column_size":66,"_inline_size":66.665,"padding_mobile":{"unit":"px","top":"0","right":"0","bottom":"0","left":"0","isLinked":false}},"elements":[{"id":"64dcb651","settings":{"image":{"url":"https:\/\/websitedemos.net\/italian-restaurant-02\/wp-content\/uploads\/sites\/283\/2018\/09\/leaf-free-img.png","id":107}},"elements":[],"isInner":false,"widgetType":"image","elType":"widget"},{"id":"471d16d1","settings":{"icon":"","title_text":"Our Menu","description_text":"","position":"left","icon_space":{"unit":"px","size":0},"icon_size":{"unit":"px","size":6},"title_bottom_space":{"unit":"px","size":16},"_margin":{"unit":"px","top":"0","right":"0","bottom":"0","left":"0","isLinked":false},"title_bottom_space_mobile":{"unit":"px","size":28},"title_typography_line_height_mobile":{"unit":"px","size":""},"_margin_mobile":{"unit":"px","top":"0","right":"0","bottom":"0","left":"0","isLinked":false},"_padding_mobile":{"unit":"px","top":"0","right":"0","bottom":"0","left":"0","isLinked":true},"text_align":"center","text_align_mobile":"center","_padding":{"unit":"px","top":"0","right":"0","bottom":"0","left":"0","isLinked":false},"title_size":"h2","selected_icon":{"value":"","library":""},"title_color":"#5A1515"},"elements":[],"isInner":false,"widgetType":"icon-box","elType":"widget"},{"id":"676cf160","settings":{"icon":"","title_text":"Quality Ingredients, Tasty Meals","description_text":"Our menu features a large range of vegetables, meats and delicious desserts from India\u2019s rich culture including authentic south Indian cuisine that tastes like it came straight from Kerala. Each menu item is specifically tailored with flair and attention to detail is characteristic of SWAAD for every occasion, whether it be a large dinner party, family outing, intimate first date. Regardless of the occasion, you can always expect a great atmosphere with great food at the SWAAD.","text_align":"center","title_typography_line_height":{"unit":"em","size":""},"_padding":{"unit":"px","top":"0","right":"0","bottom":"50","left":"0","isLinked":false},"selected_icon":{"value":"","library":""},"title_color":"#71A11B"},"elements":[],"isInner":false,"widgetType":"icon-box","elType":"widget"}],"isInner":false,"elType":"column"},{"id":"48aad21b","settings":{"_column_size":16,"_inline_size":16},"elements":[],"isInner":false,"elType":"column"}],"isInner":false,"elType":"section"},{"id":"67744150","settings":{"gap":"no","custom_height":{"unit":"px","size":900},"content_position":"middle","padding":{"unit":"px","top":"0","right":"0","bottom":"100","left":"0","isLinked":false},"padding_tablet":{"unit":"px","top":"100","right":"25","bottom":"70","left":"25","isLinked":false},"padding_mobile":{"unit":"px","top":"50","right":"20","bottom":"50","left":"20","isLinked":false},"background_overlay_background":"classic","background_overlay_color":"#0c0c0c","background_overlay_opacity":{"unit":"px","size":0.46},"heading_color":"#0c0c0c","color_text":"#0c0c0c","background_background":"classic","background_image":{"url":"https:\/\/websitedemos.net\/italian-restaurant-02\/wp-content\/uploads\/sites\/283\/2020\/01\/dine-out.jpg","id":662},"background_position":"bottom center","background_repeat":"no-repeat","margin":{"unit":"px","top":"0","right":0,"bottom":"0","left":0,"isLinked":false},"css_filters_brightness":{"unit":"px","size":98},"css_filters_contrast":{"unit":"px","size":65},"css_filters_saturate":{"unit":"px","size":179}},"elements":[{"id":"575891cc","settings":{"_column_size":100,"space_between_widgets":0,"_inline_size":null,"margin":{"unit":"px","top":"0","right":"0","bottom":"0","left":"0","isLinked":true},"padding":{"unit":"px","top":"0","right":"0","bottom":"0","left":"0","isLinked":false}},"elements":[{"id":"dac9ba7","settings":{"structure":"30","box_shadow_box_shadow_type":"yes","box_shadow_box_shadow":{"horizontal":0,"vertical":0,"blur":70,"spread":0,"color":"rgba(0,0,0,0.12)"},"margin":{"unit":"px","top":"-130","right":0,"bottom":"0","left":0,"isLinked":false},"padding":{"unit":"px","top":"0","right":"0","bottom":"0","left":"0","isLinked":false}},"elements":[{"id":"50f2e3fc","settings":{"_column_size":33,"_inline_size":null,"content_position":"center","background_background":"classic","background_color":"#fffaf2","padding":{"unit":"px","top":"0","right":"0","bottom":"0","left":"0","isLinked":false},"border_border":"solid","border_width":{"unit":"px","top":"1","right":"1","bottom":"1","left":"1","isLinked":true},"border_color":"#ff9f55","padding_tablet":{"unit":"px","top":"30","right":"0","bottom":"30","left":"0","isLinked":false},"padding_mobile":{"unit":"px","top":"040","right":"0","bottom":"40","left":"0","isLinked":false}},"elements":[{"id":"4d070ddc","settings":{"image":{"url":"","id":""},"title_text":"IDLY SAMBHAR","description_text":"Best south-indian breakfast,Good for health and digestion","image_space":{"unit":"px","size":0},"image_size":{"unit":"%","size":5},"_margin":{"unit":"px","top":"0","right":"0","bottom":"0","left":"0","isLinked":false},"_padding":{"unit":"px","top":"0","right":"50","bottom":"0","left":"50","isLinked":false},"title_typography_line_height_tablet":{"unit":"em","size":""},"description_typography_line_height_tablet":{"unit":"em","size":""}},"elements":[],"isInner":false,"widgetType":"image-box","elType":"widget"},{"id":"4b48e25a","settings":{"color":"#000000","width":{"unit":"%","size":20},"align":"center","gap":{"unit":"px","size":2},"_padding":{"unit":"px","top":"20","right":"0","bottom":"0","left":"0","isLinked":false},"text":"Divider"},"elements":[],"isInner":false,"widgetType":"divider","elType":"widget"},{"id":"739ab2a1","settings":{"title":"Rs.55","typography_font_size":{"unit":"px","size":""},"header_size":"h3","_margin":{"unit":"px","top":"0","right":"0","bottom":"0","left":"0","isLinked":false},"_border_width":{"unit":"px","top":"0","right":"0","bottom":"2","left":"0","isLinked":false},"_border_color":"#c4b583","align":"center"},"elements":[],"isInner":false,"widgetType":"heading","elType":"widget"},{"id":"6071b7bf","settings":{"color":"#000000","width":{"unit":"%","size":20},"align":"center","gap":{"unit":"px","size":2},"_padding":{"unit":"px","top":"0","right":"0","bottom":"0","left":"0","isLinked":false},"text":"Divider"},"elements":[],"isInner":false,"widgetType":"divider","elType":"widget"}],"isInner":true,"elType":"column"},{"id":"38b095ad","settings":{"_column_size":33,"_inline_size":null,"padding":{"unit":"px","top":"0","right":"0","bottom":"0","left":"0","isLinked":false},"content_position":"center","background_background":"classic","background_color":"#fffaf2","border_width":{"unit":"px","top":"1","right":"1","bottom":"1","left":"1","isLinked":true},"border_color":"#ff9f55"},"elements":[{"id":"70b0fcf6","settings":{"image":{"url":"http:\/\/127.0.0.1\/wordpress\/wp-content\/uploads\/2021\/01\/breakfast-idli-indian-foods-2408818.jpg","id":101},"css_filters_brightness":{"unit":"px","size":101},"css_filters_contrast":{"unit":"px","size":105},"css_filters_saturate":{"unit":"px","size":103},"css_filters_css_filter":"custom","opacity":{"unit":"px","size":1,"sizes":[]}},"elements":[],"isInner":false,"widgetType":"image","elType":"widget"}],"isInner":true,"elType":"column"},{"id":"3c23b4d3","settings":{"_column_size":33,"_inline_size":null,"content_position":"center","background_background":"classic","background_color":"#fffaf2","padding":{"unit":"px","top":"0","right":"0","bottom":"0","left":"0","isLinked":false},"border_border":"solid","border_width":{"unit":"px","top":"1","right":"1","bottom":"1","left":"1","isLinked":true},"border_color":"#ff9f55","padding_tablet":{"unit":"px","top":"30","right":"0","bottom":"30","left":"0","isLinked":false},"padding_mobile":{"unit":"px","top":"40","right":"0","bottom":"40","left":"0","isLinked":false}},"elements":[{"id":"763019b2","settings":{"image":{"url":"","id":""},"title_text":"PANEER TIKKA","description_text":"Highly rich in protein made from fresh paneer","image_space":{"unit":"px","size":0},"image_size":{"unit":"%","size":5},"_margin":{"unit":"px","top":"0","right":"0","bottom":"0","left":"0","isLinked":false},"_padding":{"unit":"px","top":"0","right":"50","bottom":"0","left":"50","isLinked":false},"title_typography_line_height_tablet":{"unit":"em","size":""},"description_typography_line_height_tablet":{"unit":"em","size":""}},"elements":[],"isInner":false,"widgetType":"image-box","elType":"widget"},{"id":"56db2b53","settings":{"color":"#000000","width":{"unit":"%","size":20},"align":"center","gap":{"unit":"px","size":2},"_padding":{"unit":"px","top":"20","right":"0","bottom":"0","left":"0","isLinked":false},"text":"Divider"},"elements":[],"isInner":false,"widgetType":"divider","elType":"widget"},{"id":"9299741","settings":{"title":"Rs.155","typography_font_size":{"unit":"px","size":""},"header_size":"h3","_margin":{"unit":"px","top":"0","right":"0","bottom":"0","left":"0","isLinked":false},"_border_width":{"unit":"px","top":"0","right":"0","bottom":"2","left":"0","isLinked":false},"_border_color":"#c4b583","align":"center"},"elements":[],"isInner":false,"widgetType":"heading","elType":"widget"},{"id":"6db80084","settings":{"color":"#000000","width":{"unit":"%","size":20},"align":"center","gap":{"unit":"px","size":2},"_padding":{"unit":"px","top":"0","right":"0","bottom":"0","left":"0","isLinked":false},"text":"Divider"},"elements":[],"isInner":false,"widgetType":"divider","elType":"widget"}],"isInner":true,"elType":"column"}],"isInner":true,"elType":"section"},{"id":"1a6fe3fa","settings":{"structure":"30","box_shadow_box_shadow":{"horizontal":0,"vertical":0,"blur":70,"spread":5,"color":"rgba(0,0,0,0.18)"},"margin":{"unit":"px","top":"0","right":0,"bottom":"0","left":0,"isLinked":false},"padding":{"unit":"px","top":"0","right":"0","bottom":"0","left":"0","isLinked":false}},"elements":[{"id":"45abaa56","settings":{"_column_size":33,"_inline_size":null,"padding":{"unit":"px","top":"0","right":"0","bottom":"0","left":"0","isLinked":false},"content_position":"center","background_background":"classic","background_color":"#fffaf2","border_width":{"unit":"px","top":"1","right":"1","bottom":"1","left":"1","isLinked":true},"border_color":"#ff9f55"},"elements":[{"id":"225e5048","settings":{"image":{"url":"http:\/\/127.0.0.1\/wordpress\/wp-content\/uploads\/2021\/01\/food-naan-curry-2933528.jpg","id":102},"css_filters_css_filter":"custom","css_filters_brightness":{"unit":"px","size":111},"css_filters_contrast":{"unit":"px","size":105},"css_filters_saturate":{"unit":"px","size":103},"opacity":{"unit":"px","size":1,"sizes":[]}},"elements":[],"isInner":false,"widgetType":"image","elType":"widget"}],"isInner":true,"elType":"column"},{"id":"571107ec","settings":{"_column_size":33,"_inline_size":null,"content_position":"center","background_background":"classic","background_color":"#fffaf2","padding":{"unit":"px","top":"0","right":"0","bottom":"0","left":"0","isLinked":false},"border_border":"solid","border_width":{"unit":"px","top":"1","right":"1","bottom":"1","left":"1","isLinked":true},"border_color":"#ff9f55","padding_tablet":{"unit":"px","top":"30","right":"0","bottom":"30","left":"0","isLinked":false},"padding_mobile":{"unit":"px","top":"40","right":"0","bottom":"40","left":"0","isLinked":false}},"elements":[{"id":"718ecdf3","settings":{"image":{"url":"","id":""},"title_text":"BUTTER NAAN +<br>VEGETABLE KURMA","description_text":"The full packed afternoon meal for lunch and dinner","image_space":{"unit":"px","size":0},"image_size":{"unit":"%","size":5},"_margin":{"unit":"px","top":"0","right":"0","bottom":"0","left":"0","isLinked":false},"_padding":{"unit":"px","top":"0","right":"50","bottom":"0","left":"50","isLinked":false},"title_typography_line_height_tablet":{"unit":"em","size":""},"description_typography_line_height_tablet":{"unit":"em","size":""}},"elements":[],"isInner":false,"widgetType":"image-box","elType":"widget"},{"id":"5b01a6dd","settings":{"color":"#000000","width":{"unit":"%","size":20},"align":"center","gap":{"unit":"px","size":2},"_padding":{"unit":"px","top":"20","right":"0","bottom":"0","left":"0","isLinked":false},"text":"Divider"},"elements":[],"isInner":false,"widgetType":"divider","elType":"widget"},{"id":"1ef737dc","settings":{"title":"Rs.200","typography_font_size":{"unit":"px","size":""},"header_size":"h3","_margin":{"unit":"px","top":"0","right":"0","bottom":"0","left":"0","isLinked":false},"_border_width":{"unit":"px","top":"0","right":"0","bottom":"2","left":"0","isLinked":false},"_border_color":"#c4b583","align":"center"},"elements":[],"isInner":false,"widgetType":"heading","elType":"widget"},{"id":"532909b8","settings":{"color":"#000000","width":{"unit":"%","size":20},"align":"center","gap":{"unit":"px","size":2},"_padding":{"unit":"px","top":"0","right":"0","bottom":"0","left":"0","isLinked":false},"text":"Divider"},"elements":[],"isInner":false,"widgetType":"divider","elType":"widget"}],"isInner":true,"elType":"column"},{"id":"7abc3bc7","settings":{"_column_size":33,"_inline_size":null,"padding":{"unit":"px","top":"0","right":"0","bottom":"0","left":"0","isLinked":false},"content_position":"center","background_background":"classic","background_color":"#fffaf2","border_width":{"unit":"px","top":"1","right":"1","bottom":"1","left":"1","isLinked":true},"border_color":"#ff9f55"},"elements":[{"id":"2063307b","settings":{"image":{"url":"https:\/\/websitedemos.net\/italian-restaurant-02\/wp-content\/uploads\/sites\/283\/2019\/12\/Menu-item-3.jpg","id":613},"css_filters_css_filter":"custom","css_filters_brightness":{"unit":"px","size":111},"css_filters_contrast":{"unit":"px","size":105},"css_filters_saturate":{"unit":"px","size":103},"opacity":{"unit":"px","size":1,"sizes":[]}},"elements":[],"isInner":false,"widgetType":"image","elType":"widget"}],"isInner":true,"elType":"column"}],"isInner":true,"elType":"section"},{"id":"7abf0f63","settings":{"structure":"30","box_shadow_box_shadow":{"horizontal":0,"vertical":0,"blur":70,"spread":0,"color":"rgba(0,0,0,0.18)"},"margin":{"unit":"px","top":"0","right":0,"bottom":"0","left":0,"isLinked":false},"padding":{"unit":"px","top":"0","right":"0","bottom":"0","left":"0","isLinked":false}},"elements":[{"id":"5b21e250","settings":{"_column_size":33,"_inline_size":null,"content_position":"center","background_background":"classic","background_color":"#fffaf2","padding":{"unit":"px","top":"0","right":"0","bottom":"0","left":"0","isLinked":false},"border_border":"solid","border_width":{"unit":"px","top":"1","right":"1","bottom":"1","left":"1","isLinked":true},"border_color":"#ff9f55","padding_tablet":{"unit":"px","top":"30","right":"0","bottom":"30","left":"0","isLinked":false},"padding_mobile":{"unit":"px","top":"40","right":"0","bottom":"40","left":"0","isLinked":false}},"elements":[{"id":"282a8612","settings":{"image":{"url":"","id":""},"title_text":"BIRYANI","description_text":"Mixed rice,dal with nutritious veggies.Best Hyderabadi dish","image_space":{"unit":"px","size":0},"image_size":{"unit":"%","size":5},"_margin":{"unit":"px","top":"0","right":"0","bottom":"0","left":"0","isLinked":false},"_padding":{"unit":"px","top":"0","right":"50","bottom":"0","left":"50","isLinked":false},"title_typography_line_height_tablet":{"unit":"em","size":""},"description_typography_line_height_tablet":{"unit":"em","size":""}},"elements":[],"isInner":false,"widgetType":"image-box","elType":"widget"},{"id":"5353842e","settings":{"color":"#000000","width":{"unit":"%","size":20},"align":"center","gap":{"unit":"px","size":2},"_padding":{"unit":"px","top":"20","right":"0","bottom":"0","left":"0","isLinked":false},"text":"Divider"},"elements":[],"isInner":false,"widgetType":"divider","elType":"widget"},{"id":"37bad19d","settings":{"title":"Rs.225","typography_font_size":{"unit":"px","size":""},"header_size":"h3","_margin":{"unit":"px","top":"0","right":"0","bottom":"0","left":"0","isLinked":false},"_border_width":{"unit":"px","top":"0","right":"0","bottom":"2","left":"0","isLinked":false},"_border_color":"#c4b583","align":"center","typography_typography":"custom"},"elements":[],"isInner":false,"widgetType":"heading","elType":"widget"},{"id":"4ba4a87d","settings":{"color":"#000000","width":{"unit":"%","size":20},"align":"center","gap":{"unit":"px","size":2},"_padding":{"unit":"px","top":"0","right":"0","bottom":"0","left":"0","isLinked":false},"text":"Divider"},"elements":[],"isInner":false,"widgetType":"divider","elType":"widget"}],"isInner":true,"elType":"column"},{"id":"650e7fe1","settings":{"_column_size":33,"_inline_size":null,"padding":{"unit":"px","top":"0","right":"0","bottom":"0","left":"0","isLinked":false},"content_position":"center","background_background":"classic","background_color":"#fffaf2","border_width":{"unit":"px","top":"1","right":"1","bottom":"1","left":"1","isLinked":true},"border_color":"#ff9f55"},"elements":[{"id":"768fe722","settings":{"image":{"url":"http:\/\/127.0.0.1\/wordpress\/wp-content\/uploads\/2021\/01\/rice-vegetables-herbs-2206668.jpg","id":103},"css_filters_css_filter":"custom","css_filters_brightness":{"unit":"px","size":111},"css_filters_contrast":{"unit":"px","size":105},"css_filters_saturate":{"unit":"px","size":103},"opacity":{"unit":"px","size":1,"sizes":[]}},"elements":[],"isInner":false,"widgetType":"image","elType":"widget"}],"isInner":true,"elType":"column"},{"id":"eeccf8c","settings":{"_column_size":33,"_inline_size":null,"content_position":"center","background_background":"classic","background_color":"#fffaf2","padding":{"unit":"px","top":"0","right":"0","bottom":"0","left":"0","isLinked":false},"border_border":"solid","border_width":{"unit":"px","top":"1","right":"1","bottom":"1","left":"1","isLinked":true},"border_color":"#ff9f55","padding_tablet":{"unit":"px","top":"30","right":"0","bottom":"30","left":"0","isLinked":false},"padding_mobile":{"unit":"px","top":"40","right":"0","bottom":"40","left":"0","isLinked":false}},"elements":[{"id":"52023b2b","settings":{"image":{"url":"","id":""},"title_text":"RAJMA CHAWAL","description_text":"Highly nutritious,protein rich rajma chawal,loved by almost all.","image_space":{"unit":"px","size":0},"image_size":{"unit":"%","size":5},"_margin":{"unit":"px","top":"0","right":"0","bottom":"0","left":"0","isLinked":false},"_padding":{"unit":"px","top":"0","right":"50","bottom":"0","left":"50","isLinked":false},"title_typography_line_height_tablet":{"unit":"em","size":""},"description_typography_line_height_tablet":{"unit":"em","size":""}},"elements":[],"isInner":false,"widgetType":"image-box","elType":"widget"},{"id":"207ebdaf","settings":{"color":"#000000","width":{"unit":"%","size":20},"align":"center","gap":{"unit":"px","size":2},"_padding":{"unit":"px","top":"20","right":"0","bottom":"0","left":"0","isLinked":false},"text":"Divider"},"elements":[],"isInner":false,"widgetType":"divider","elType":"widget"},{"id":"23cd9fd","settings":{"title":"Rs.185","typography_font_size":{"unit":"px","size":""},"header_size":"h3","_margin":{"unit":"px","top":"0","right":"0","bottom":"0","left":"0","isLinked":false},"_border_width":{"unit":"px","top":"0","right":"0","bottom":"2","left":"0","isLinked":false},"_border_color":"#c4b583","align":"center"},"elements":[],"isInner":false,"widgetType":"heading","elType":"widget"},{"id":"5e1afd44","settings":{"color":"#000000","width":{"unit":"%","size":20},"align":"center","gap":{"unit":"px","size":2},"_padding":{"unit":"px","top":"0","right":"0","bottom":"0","left":"0","isLinked":false},"text":"Divider"},"elements":[],"isInner":false,"widgetType":"divider","elType":"widget"}],"isInner":true,"elType":"column"}],"isInner":true,"elType":"section"},{"id":"592b1c92","settings":{"box_shadow_box_shadow_type":"yes","box_shadow_box_shadow":{"horizontal":0,"vertical":0,"blur":70,"spread":0,"color":"rgba(0,0,0,0.12)"},"margin":{"unit":"px","top":"0","right":0,"bottom":"0","left":0,"isLinked":false},"padding":{"unit":"px","top":"0","right":"0","bottom":"0","left":"0","isLinked":false},"margin_mobile":{"unit":"px","top":"0","right":0,"bottom":"0","left":0,"isLinked":false},"padding_mobile":{"unit":"px","top":"0","right":"0","bottom":"0","left":"0","isLinked":false}},"elements":[{"id":"3f82e0d7","settings":{"_column_size":100,"_inline_size":null,"margin":{"unit":"px","top":"0","right":"0","bottom":"0","left":"0","isLinked":false},"padding":{"unit":"px","top":"0","right":"0","bottom":"0","left":"0","isLinked":false},"padding_mobile":{"unit":"px","top":"0","right":"0","bottom":"0","left":"0","isLinked":false}},"elements":[{"id":"343a477c","settings":{"text":"Discover Entire Menu","typography_font_size":{"unit":"px","size":""},"typography_line_height":{"unit":"em","size":""},"typography_letter_spacing":{"unit":"px","size":""},"border_width":{"unit":"px","top":"2","right":"2","bottom":"2","left":"2","isLinked":true},"_margin":{"unit":"px","top":"80","right":"0","bottom":"0","left":"0","isLinked":false},"icon":"fa fa-arrow-right","icon_align":"right","icon_indent":{"unit":"px","size":15},"align":"center","hover_animation":"sink","_padding_mobile":{"unit":"px","top":"0","right":"0","bottom":"0","left":"0","isLinked":false},"typography_font_size_mobile":{"unit":"px","size":""},"typography_letter_spacing_mobile":{"unit":"px","size":""},"_margin_mobile":{"unit":"px","top":"60","right":"0","bottom":"10","left":"0","isLinked":false},"selected_icon":{"value":"fas fa-arrow-right","library":"fa-solid"},"link":{"url":"https:\/\/www.musthavemenus.com\/category\/indian-menus.html","is_external":"","nofollow":"","custom_attributes":""},"__fa4_migrated":{"selected_icon":true}},"elements":[],"isInner":false,"widgetType":"button","elType":"widget"}],"isInner":true,"elType":"column"}],"isInner":true,"elType":"section"}],"isInner":false,"elType":"column"}],"isInner":false,"elType":"section"},{"id":"6f0301","settings":[],"elements":[{"id":"3baff131","settings":{"_column_size":100,"_inline_size":null},"elements":[{"id":"79523323","settings":{"title":"What would you like to have?","align":"center","title_color":"#FFFFFF"},"elements":[],"isInner":false,"widgetType":"heading","elType":"widget"}],"isInner":false,"elType":"column"}],"isInner":false,"elType":"section"},{"id":"1eb0763a","settings":{"structure":"30"},"elements":[{"id":"4ef85605","settings":{"_column_size":33,"_inline_size":null,"background_background":"slideshow","background_overlay_background":"classic","background_overlay_opacity":{"unit":"px","size":1,"sizes":[]}},"elements":[{"id":"1f646fa4","settings":{"wp":{"title":"","number":"1","show":"onsale","orderby":"sales","order":"desc"},"_margin":{"unit":"px","top":"2","right":"2","bottom":"2","left":"2","isLinked":true},"_padding":{"unit":"px","top":"1","right":"1","bottom":"1","left":"1","isLinked":true}},"elements":[],"isInner":false,"widgetType":"wp-widget-woocommerce_products","elType":"widget"}],"isInner":false,"elType":"column"},{"id":"15012778","settings":{"_column_size":33,"_inline_size":null},"elements":[{"id":"1cf02a09","settings":{"wp":{"title":"","number":"1","show":"featured","orderby":"date","order":"desc"},"_background_background":"classic"},"elements":[],"isInner":false,"widgetType":"wp-widget-woocommerce_products","elType":"widget"}],"isInner":false,"elType":"column"},{"id":"2ae60883","settings":{"_column_size":33,"_inline_size":null},"elements":[{"id":"1243ecc0","settings":{"wp":{"title":"","number":"1","show":"onsale","orderby":"price","order":"desc"}},"elements":[],"isInner":false,"widgetType":"wp-widget-woocommerce_products","elType":"widget"}],"isInner":false,"elType":"column"}],"isInner":false,"elType":"section"},{"id":"5f9a7a63","settings":{"structure":"20"},"elements":[{"id":"63b473","settings":{"_column_size":50,"_inline_size":50},"elements":[{"id":"4a680239","settings":{"wp":{"title":"","number":"1","show":"onsale","orderby":"date","order":"desc"},"_margin":{"unit":"px","top":"4","right":"4","bottom":"4","left":"4","isLinked":true}},"elements":[],"isInner":false,"widgetType":"wp-widget-woocommerce_products","elType":"widget"}],"isInner":false,"elType":"column"},{"id":"42e9c297","settings":{"_column_size":50,"_inline_size":50},"elements":[{"id":"44048873","settings":{"wp":{"title":"","number":"1","show":"","orderby":"date","order":"asc"}},"elements":[],"isInner":false,"widgetType":"wp-widget-woocommerce_products","elType":"widget"}],"isInner":false,"elType":"column"}],"isInner":false,"elType":"section"},{"id":"764c0938","settings":[],"elements":[{"id":"7e0a6233","settings":{"_column_size":100,"_inline_size":null},"elements":[{"id":"6f403bd5","settings":{"text":"Order Now","link":{"url":"http:\/\/127.0.0.1\/wordpress\/shop\/","is_external":"","nofollow":"","custom_attributes":""},"align":"center","background_color":"#EC1145","_background_hover_background":"classic","hover_color":"#000000","button_background_hover_color":"#FFFFFF","button_hover_border_color":"#040000","hover_animation":"pulse","border_border":"groove","border_color":"#000000","border_radius":{"unit":"px","top":"22","right":"22","bottom":"22","left":"22","isLinked":true},"_animation_tablet":"fadeIn"},"elements":[],"isInner":false,"widgetType":"button","elType":"widget"}],"isInner":false,"elType":"column"}],"isInner":false,"elType":"section"},{"id":"60040f92","settings":{"stretch_section":"section-stretched","structure":"20","background_background":"classic","background_position":"center center","background_attachment":"scroll","background_repeat":"no-repeat","background_size":"cover","background_overlay_background":"classic","background_overlay_color":"#ffffff","background_overlay_opacity":{"unit":"px","size":0.85},"padding":{"unit":"px","top":"140","right":"0","bottom":"100","left":"0","isLinked":false},"padding_tablet":{"unit":"px","top":"70","right":"40","bottom":"70","left":"40","isLinked":false},"padding_mobile":{"unit":"px","top":"70","right":"25","bottom":"0","left":"25","isLinked":false},"content_position":"middle"},"elements":[{"id":"1921f1c9","settings":{"_column_size":50,"_inline_size":null,"content_position":"bottom","background_background":"classic","background_position":"center center","background_repeat":"no-repeat","margin":{"unit":"px","top":"0","right":"30","bottom":"0","left":"0","isLinked":false},"padding":{"unit":"em","top":"0","right":"0","bottom":"0","left":"0","isLinked":false},"background_image":{"url":"http:\/\/127.0.0.1\/wordpress\/wp-content\/uploads\/2021\/01\/omelet-egg-breakfast-3359364.jpg","id":104},"background_size":"cover","box_shadow_box_shadow_type":"yes","box_shadow_box_shadow":{"horizontal":0,"vertical":24,"blur":41,"spread":-19,"color":"rgba(0,0,0,0.5)"},"background_overlay_background":"classic","background_overlay_color":"#54595f","css_filters_css_filter":"custom","css_filters_brightness":{"unit":"px","size":0},"css_filters_contrast":{"unit":"px","size":116},"css_filters_saturate":{"unit":"px","size":57},"overlay_blend_mode":"lighten","padding_tablet":{"unit":"px","top":"0","right":"0","bottom":"0","left":"0","isLinked":false},"_inline_size_mobile":100,"margin_mobile":{"unit":"px","top":"0","right":"0","bottom":"0","left":"0","isLinked":false},"padding_mobile":{"unit":"px","top":"250","right":"0","bottom":"0","left":"0","isLinked":false}},"elements":[{"id":"2c1478ed","settings":{"icon":"","title_text":"Good Food | Good Life","description_text":"","icon_space":{"unit":"px","size":0},"icon_size":{"unit":"px","size":24},"title_bottom_space":{"unit":"px","size":0},"title_color":"#ffffff","description_color":"#ffffff","_margin":{"unit":"px","top":"0","right":"0","bottom":"0","left":"0","isLinked":false},"title_bottom_space_mobile":{"unit":"px","size":28},"title_typography_line_height_mobile":{"unit":"px","size":""},"_margin_mobile":{"unit":"px","top":"0","right":"0","bottom":"0","left":"0","isLinked":false},"_padding_mobile":{"unit":"px","top":"50","right":"0","bottom":"10","left":"0","isLinked":false},"text_align":"center","text_align_mobile":"center","primary_color":"#ffffff","title_typography_letter_spacing":{"unit":"px","size":""},"description_typography_font_size":{"unit":"px","size":""},"_padding":{"unit":"px","top":"50","right":"75","bottom":"25","left":"75","isLinked":false},"_background_background":"gradient","_background_color":"rgba(0,0,0,0)","_background_position":"top center","_background_repeat":"no-repeat","_border_width":{"unit":"px","top":"5","right":"5","bottom":"5","left":"5","isLinked":true},"_border_color":"#070707","_box_shadow_box_shadow":{"horizontal":18,"vertical":0,"blur":10,"spread":0,"color":"rgba(0,0,0,0.5)"},"content_vertical_alignment":"bottom","_background_color_b":"rgba(0,0,0,0.9)","title_size":"h5","title_typography_line_height":{"unit":"em","size":""},"title_typography_line_height_tablet":{"unit":"em","size":""},"_padding_tablet":{"unit":"px","top":"50","right":"0","bottom":"30","left":"0","isLinked":false},"selected_icon":{"value":"","library":""}},"elements":[],"isInner":false,"widgetType":"icon-box","elType":"widget"}],"isInner":false,"elType":"column"},{"id":"148fa5b3","settings":{"_column_size":50,"_inline_size":null,"content_position":"center","margin":{"unit":"px","top":"0","right":"0","bottom":"0","left":"40","isLinked":false},"padding":{"unit":"px","top":"0","right":"0","bottom":"0","left":"0","isLinked":false},"margin_tablet":{"unit":"px","top":"0","right":"0","bottom":"0","left":"18","isLinked":false},"padding_tablet":{"unit":"px","top":"0","right":"0","bottom":"0","left":"0","isLinked":false},"_inline_size_mobile":100,"margin_mobile":{"unit":"px","top":"0","right":"0","bottom":"0","left":"0","isLinked":false},"padding_mobile":{"unit":"px","top":"0","right":"0","bottom":"0","left":"0","isLinked":false}},"elements":[{"id":"523d2","settings":{"background_background":"classic","padding_mobile":{"unit":"px","top":"40","right":"0","bottom":"0","left":"0","isLinked":false}},"elements":[{"id":"59b39e8c","settings":{"_column_size":100,"_inline_size":null,"content_position":"center","padding":{"unit":"px","top":"0","right":"0","bottom":"0","left":"0","isLinked":false},"margin_tablet":{"unit":"px","top":"0","right":"0","bottom":"0","left":"0","isLinked":false},"padding_tablet":{"unit":"px","top":"0","right":"0","bottom":"0","left":"0","isLinked":true},"_inline_size_mobile":100,"margin_mobile":{"unit":"px","top":"0","right":"0","bottom":"0","left":"0","isLinked":false},"padding_mobile":{"unit":"px","top":"0","right":"0","bottom":"0","left":"0","isLinked":false}},"elements":[{"id":"7f4e82b5","settings":{"title":"Sundays Means","header_size":"h4","align":"left","typography_line_height":{"unit":"em","size":""},"_padding":{"unit":"px","top":"0","right":"0","bottom":"0","left":"0","isLinked":false},"align_mobile":"center","_padding_mobile":{"unit":"px","top":"20","right":"0","bottom":"0","left":"0","isLinked":false},"title_color":"#000000","_animation":"bounceIn"},"elements":[],"isInner":false,"widgetType":"heading","elType":"widget"},{"id":"2f2c7e40","settings":{"icon":"","title_text":"Happy Hours!","description_text":"","position":"left","title_size":"h2","icon_space":{"unit":"px","size":0},"icon_size":{"unit":"px","size":6},"title_bottom_space":{"unit":"px","size":16},"_margin":{"unit":"px","top":"0","right":"0","bottom":"0","left":"0","isLinked":false},"title_bottom_space_mobile":{"unit":"px","size":5},"title_typography_line_height_mobile":{"unit":"px","size":""},"_margin_mobile":{"unit":"px","top":"0","right":"0","bottom":"0","left":"0","isLinked":false},"_padding_mobile":{"unit":"px","top":"20","right":"0","bottom":"0","left":"0","isLinked":false},"text_align":"left","text_align_mobile":"center","_padding":{"unit":"px","top":"0","right":"0","bottom":"0","left":"0","isLinked":false},"title_typography_font_size_mobile":{"unit":"px","size":""},"selected_icon":{"value":"","library":""},"title_color":"#71A11B","_animation":"zoomIn"},"elements":[],"isInner":false,"widgetType":"icon-box","elType":"widget"},{"id":"6135df33","settings":{"icon":"","title_text":"Half Price Bottles of Wine and Six Tasty Lunches for Rs.90","description_text":"","text_align":"left","title_typography_line_height":{"unit":"em","size":""},"text_align_mobile":"center","_padding_mobile":{"unit":"px","top":"20","right":"0","bottom":"0","left":"0","isLinked":false},"selected_icon":{"value":"","library":""},"title_color":"#000000","_animation":"slideInDown"},"elements":[],"isInner":false,"widgetType":"icon-box","elType":"widget"},{"id":"32254abc","settings":{"text":"Discover Offer","typography_font_size":{"unit":"px","size":""},"typography_line_height":{"unit":"em","size":""},"typography_letter_spacing":{"unit":"px","size":""},"border_width":{"unit":"px","top":"2","right":"2","bottom":"2","left":"2","isLinked":true},"border_radius":{"unit":"%","top":"","right":"","bottom":"","left":"","isLinked":true},"_margin":{"unit":"px","top":"35","right":"0","bottom":"0","left":"0","isLinked":false},"icon":"fa fa-arrow-right","icon_align":"right","icon_indent":{"unit":"px","size":15},"align":"left","hover_animation":"sink","align_mobile":"center","selected_icon":{"value":"fas fa-arrow-right","library":"fa-solid"},"link":{"url":"http:\/\/127.0.0.1\/wordpress\/shop\/","is_external":"","nofollow":"","custom_attributes":""},"__fa4_migrated":{"selected_icon":true}},"elements":[],"isInner":false,"widgetType":"button","elType":"widget"}],"isInner":true,"elType":"column"}],"isInner":true,"elType":"section"}],"isInner":false,"elType":"column"}],"isInner":false,"elType":"section"},{"id":"60c9ee55","settings":{"stretch_section":"section-stretched","structure":"20","background_background":"classic","background_position":"center center","background_attachment":"scroll","background_repeat":"no-repeat","background_size":"cover","background_overlay_background":"classic","background_overlay_color":"#ffffff","background_overlay_opacity":{"unit":"px","size":0.85},"padding":{"unit":"px","top":"40","right":"0","bottom":"120","left":"0","isLinked":false},"padding_tablet":{"unit":"px","top":"60","right":"40","bottom":"70","left":"40","isLinked":false}},"elements":[{"id":"7a8e26","settings":{"_column_size":50,"_inline_size":null,"padding":{"unit":"px","top":"0","right":"59","bottom":"0","left":"0","isLinked":false},"background_background":"classic","background_image":{"url":"https:\/\/websitedemos.net\/italian-restaurant-02\/wp-content\/uploads\/sites\/283\/2018\/09\/quotes2-free-img.png","id":68},"background_repeat":"no-repeat","background_overlay_background":"classic","background_overlay_color":"#ffffff","background_overlay_opacity":{"unit":"px","size":0.91},"content_position":"bottom","_inline_size_mobile":100,"padding_mobile":{"unit":"px","top":"0","right":"0","bottom":"0","left":"0","isLinked":false}},"elements":[{"id":"2e5845c5","settings":[],"elements":[{"id":"411744d1","settings":{"_column_size":100,"_inline_size":null,"content_position":"center","padding":{"unit":"px","top":"0","right":"0","bottom":"0","left":"0","isLinked":false},"_inline_size_mobile":100},"elements":[{"id":"79bdb75b","settings":{"image":{"url":"https:\/\/websitedemos.net\/italian-restaurant-02\/wp-content\/uploads\/sites\/283\/2018\/09\/leaf-free-img.png","id":107},"title_text":"Happy Customers!","description_text":"","text_align":"left","text_align_mobile":"center","title_bottom_space":{"unit":"px","size":16},"title_bottom_space_mobile":{"unit":"px","size":28},"title_typography_line_height_mobile":{"unit":"px","size":""},"_margin":{"unit":"px","top":"0","right":"0","bottom":"0","left":"0","isLinked":false},"_margin_mobile":{"unit":"px","top":"0","right":"0","bottom":"0","left":"0","isLinked":false},"_padding":{"unit":"px","top":"0","right":"0","bottom":"30","left":"0","isLinked":false},"_padding_mobile":{"unit":"px","top":"0","right":"0","bottom":"0","left":"0","isLinked":true},"title_size":"h2","image_opacity":{"unit":"px","size":1,"sizes":[]},"title_color":"#750150"},"elements":[],"isInner":false,"widgetType":"image-box","elType":"widget"},{"id":"e83b179","settings":{"image":{"url":"http:\/\/127.0.0.1\/wordpress\/wp-content\/uploads\/2021\/01\/smiley-face-happy-147407.jpg","id":160},"title_text":"Yay, SWAAD! This place is the number one Indian restaurant .I have been a customer for ten years now, and the food is always the best in the city. There are four or five Indian restaurants much closer to my house, but I drive the extra distance for SWAAD's delicious food!","description_text":"- Shamika Smith","title_size":"h5","image_space":{"unit":"px","size":26},"image_size":{"unit":"%","size":29},"css_filters_css_filter":"custom","css_filters_brightness":{"unit":"px","size":99},"css_filters_contrast":{"unit":"px","size":101},"css_filters_saturate":{"unit":"px","size":58},"text_align":"center","description_typography_font_size":{"unit":"px","size":""},"_padding":{"unit":"px","top":"0","right":"0","bottom":"10","left":"0","isLinked":false},"image_space_tablet":{"unit":"px","size":15},"title_bottom_space_tablet":{"unit":"px","size":10},"title_typography_line_height_tablet":{"unit":"em","size":""},"text_align_mobile":"center","image_opacity":{"unit":"px","size":1,"sizes":[]},"title_bottom_space":{"unit":"px","size":6,"sizes":[]},"title_color":"#000000","title_typography_typography":"custom","title_typography_font_family":"Arial","title_typography_font_weight":"600","description_color":"#8E8E8E","thumbnail_size":"medium"},"elements":[],"isInner":false,"widgetType":"image-box","elType":"widget"},{"id":"7618ddb2","settings":{"align":"center","_margin":{"unit":"px","top":"0","right":"0","bottom":"0","left":"0","isLinked":true}},"elements":[],"isInner":false,"widgetType":"star-rating","elType":"widget"}],"isInner":true,"elType":"column"}],"isInner":true,"elType":"section"}],"isInner":false,"elType":"column"},{"id":"26c183e0","settings":{"_column_size":50,"_inline_size":null,"content_position":"top","background_background":"classic","background_position":"center center","background_repeat":"no-repeat","margin":{"unit":"px","top":"0","right":"0","bottom":"0","left":"30","isLinked":false},"padding":{"unit":"em","top":"0","right":"0","bottom":"0","left":"0","isLinked":false},"background_size":"auto","box_shadow_box_shadow":{"horizontal":0,"vertical":24,"blur":41,"spread":-19,"color":"rgba(0,0,0,0.5)"},"background_overlay_background":"classic","background_overlay_color":"#ffffff","background_overlay_opacity":{"unit":"px","size":0.91},"css_filters_brightness":{"unit":"px","size":0},"css_filters_contrast":{"unit":"px","size":116},"css_filters_saturate":{"unit":"px","size":57},"background_color":"#ffffff","margin_mobile":{"unit":"px","top":"30","right":"0","bottom":"0","left":"0","isLinked":false},"padding_mobile":{"unit":"px","top":"0","right":"0","bottom":"0","left":"0","isLinked":false}},"elements":[{"id":"72701422","settings":{"image":{"url":"http:\/\/127.0.0.1\/wordpress\/wp-content\/uploads\/2021\/01\/smiley-emoticon-happy-1635449.jpg","id":159},"title_text":"SWAAD is the best! I love the lunch buffet- you can tell they always use the freshest ingredients. I especially love the saag paneer and malai kofta--this place is a heaven for vegetarians. My family who ate  rajma chawal absolutely loved it too.","description_text":"- Jose Hatts","title_size":"h5","image_space":{"unit":"px","size":26},"image_size":{"unit":"%","size":29},"css_filters_css_filter":"custom","css_filters_brightness":{"unit":"px","size":99},"css_filters_contrast":{"unit":"px","size":101},"css_filters_saturate":{"unit":"px","size":58},"text_align":"center","description_typography_font_size":{"unit":"px","size":""},"image_space_tablet":{"unit":"px","size":15},"title_bottom_space_tablet":{"unit":"px","size":10},"title_typography_line_height_tablet":{"unit":"em","size":""},"_padding":{"unit":"px","top":"0","right":"0","bottom":"10","left":"0","isLinked":false},"text_align_mobile":"center","title_color":"#000000","thumbnail_size":"medium","image_opacity":{"unit":"px","size":1,"sizes":[]}},"elements":[],"isInner":false,"widgetType":"image-box","elType":"widget"},{"id":"295359cb","settings":{"rating":4.5,"align":"center"},"elements":[],"isInner":false,"widgetType":"star-rating","elType":"widget"},{"id":"6789439e","settings":{"image":{"url":"http:\/\/127.0.0.1\/wordpress\/wp-content\/uploads\/2021\/01\/happy-face-smiley-35164.jpg","id":161},"title_text":"This is my favorite Indian restaurant. SWAAD's food is definitely the most enjoyable and flavorable. Try the the special biryani and butter chicken. You will want to keep coming back for more. It also looks like they did a little remodeling. Looks very nice.\u200b","description_text":"- Monica Tata","title_size":"h5","image_space":{"unit":"px","size":26},"image_size":{"unit":"%","size":29},"css_filters_css_filter":"custom","css_filters_brightness":{"unit":"px","size":99},"css_filters_contrast":{"unit":"px","size":101},"css_filters_saturate":{"unit":"px","size":58},"text_align":"center","description_typography_font_size":{"unit":"px","size":""},"_padding":{"unit":"px","top":"0","right":"0","bottom":"10","left":"0","isLinked":false},"image_space_tablet":{"unit":"px","size":15},"title_bottom_space_tablet":{"unit":"px","size":10},"title_typography_line_height_tablet":{"unit":"em","size":""},"text_align_mobile":"center","title_color":"#000000","thumbnail_size":"medium","image_opacity":{"unit":"px","size":1,"sizes":[]}},"elements":[],"isInner":false,"widgetType":"image-box","elType":"widget"},{"id":"102c32f8","settings":{"align":"center"},"elements":[],"isInner":false,"widgetType":"star-rating","elType":"widget"},{"id":"69b459b8","settings":{"title":"Check Out More Reviews","header_size":"h5","_padding":{"unit":"px","top":"14","right":"0","bottom":"0","left":"0","isLinked":false},"align_mobile":"center","title_color":"#000000","align":"center"},"elements":[],"isInner":false,"widgetType":"heading","elType":"widget"},{"id":"5cafbff","settings":{"social_icon_list":[{"social":"fa fa-google-plus","_id":"abd46c0","link":{"url":"","is_external":"true","nofollow":""},"social_icon":{"value":"fab fa-google-plus-g","library":"fa-brands"},"__fa4_migrated":{"social_icon":true}},{"_id":"060a530","social_icon":{"value":"fab fa-reddit","library":"fa-brands"}}],"icon_size":{"unit":"px","size":18},"icon_spacing":{"unit":"px","size":10},"border_radius":{"unit":"px","top":"60","right":"60","bottom":"60","left":"60","isLinked":true},"_padding":{"unit":"px","top":"9","right":"0","bottom":"0","left":"0","isLinked":false},"icon_primary_color":"#0F95FF","hover_primary_color":"#F7F7F7","align_mobile":"center","icon_secondary_color":"#16000000","hover_animation":"pulse-grow","shape":"circle","_margin":{"unit":"px","top":"7","right":"7","bottom":"7","left":"7","isLinked":true}},"elements":[],"isInner":false,"widgetType":"social-icons","elType":"widget"}],"isInner":false,"elType":"column"}],"isInner":false,"elType":"section"}],"page_settings":{"astra_sites_main_color":"#ff770f","astra_sites_heading_base_color":"#0a0a0a","astra_sites_link_color":"#ff770f","astra_sites_link_hover_color":"#000000","astra_sites_text_color":"#000000","astra_sites_body_typography":"custom","astra_sites_body_font_size":{"unit":"px","size":15},"astra_sites_body_line_height":{"unit":"em","size":1.7},"astra_sites_body_font_family":"Raleway","astra_sites_body_font_weight":"400","astra_sites_heading_1_typography":"custom","astra_sites_heading_1_font_size":{"unit":"px","size":64},"astra_sites_heading_1_font_size_tablet":{"unit":"px","size":58},"astra_sites_heading_1_font_size_mobile":{"unit":"px","size":44},"astra_sites_heading_1_font_family":"'Berkshire Swash'","astra_sites_heading_1_font_weight":"400","astra_sites_heading_2_typography":"custom","astra_sites_heading_2_font_size":{"unit":"px","size":43},"astra_sites_heading_2_font_size_tablet":{"unit":"px","size":40},"astra_sites_heading_2_font_family":"'Berkshire Swash'","astra_sites_heading_2_font_weight":"400","astra_sites_heading_3_typography":"custom","astra_sites_heading_3_font_size":{"unit":"px","size":24},"astra_sites_heading_3_font_size_tablet":{"unit":"px","size":28},"astra_sites_heading_3_font_family":"'Raleway'","astra_sites_heading_3_font_weight":"600","astra_sites_heading_4_typography":"custom","astra_sites_heading_4_font_size":{"unit":"px","size":22},"astra_sites_heading_4_font_size_tablet":{"unit":"px","size":22},"astra_sites_default_heading_font_family":"'Raleway', sans-serif","astra_sites_heading_4_font_family":"'Raleway'","astra_sites_heading_4_font_weight":"400","astra_sites_heading_5_typography":"custom","astra_sites_heading_5_font_size":{"unit":"px","size":20},"astra_sites_heading_5_font_family":"'Raleway'","astra_sites_heading_5_font_weight":"400","astra_sites_heading_6_typography":"custom","astra_sites_heading_6_font_size":{"unit":"px","size":18},"astra_sites_heading_6_font_family":"'Raleway'","astra_sites_heading_6_font_weight":"400","astra_sites_page_setting_enable":"","template":"elementor_header_footer"}}