{"version":"0.4","title":"SWAADAboutUS","type":"page","content":[{"id":"28c683aa","settings":[],"elements":[{"id":"fcee41d","settings":{"_column_size":100,"_inline_size":null},"elements":[{"id":"41e57af2","settings":{"title":"ABOUT US","header_size":"h1","align":"center","title_color":"#FFFFFF"},"elements":[],"isInner":false,"widgetType":"heading","elType":"widget"},{"id":"36d79700","settings":{"image":{"url":"http:\/\/127.0.0.1\/wordpress\/wp-content\/uploads\/2021\/01\/villa-cortine-palace-breakfast-room-restaurant-949543.jpg","id":177},"align":"center","opacity":{"unit":"px","size":0.97,"sizes":[]},"_animation":"slideInDown"},"elements":[],"isInner":false,"widgetType":"image","elType":"widget"}],"isInner":false,"elType":"column"}],"isInner":false,"elType":"section"},{"id":"ae4c3de","settings":[],"elements":[{"id":"5071a318","settings":{"_column_size":100,"_inline_size":null},"elements":[{"id":"5182d6d7","settings":{"editor":"<p>\u00a0 \u00a0 \u00a0 \u00a0 \u00a0 \u00a0 \u00a0 \u00a0 SWAAD has been the best rotisserie in town since 1978. Our attentive service and top-quality ingredients have given our dishes the reputation they enjoy today, whether they\u2019re served in our rotisseries, delivered to your door by our famous little yellow cars, or bought in the grocery store and prepared at home. We are also socially committed to our communities, namely through the actions of the SWAAD Foundation.<\/p>","align":"center","text_color":"#FFFFFF","typography_typography":"custom","typography_font_family":"Quando","typography_font_size":{"unit":"px","size":25,"sizes":[]},"typography_font_weight":"400"},"elements":[],"isInner":false,"widgetType":"text-editor","elType":"widget"}],"isInner":false,"elType":"column"}],"isInner":false,"elType":"section"},{"id":"54b4ab33","settings":{"gap":"no","custom_height":{"unit":"px","size":800},"content_position":"middle","background_background":"classic","background_color":"#000000","padding":{"unit":"px","top":"100","right":"0","bottom":"100","left":"0","isLinked":false},"padding_tablet":{"unit":"px","top":"100","right":"25","bottom":"100","left":"25","isLinked":false},"padding_mobile":{"unit":"px","top":"50","right":"20","bottom":"50","left":"20","isLinked":false}},"elements":[{"id":"725fc6f7","settings":{"_column_size":100,"align":"center"},"elements":[{"id":"53049195","settings":{"primary_color":"#FBFBFB","_animation":"zoomIn","_element_custom_width":{"unit":"px","size":119,"sizes":[]},"_element_vertical_align":"flex-start"},"elements":[],"isInner":false,"widgetType":"icon","elType":"widget"},{"id":"70f69d1e","settings":{"title":"Sales and Growth","align":"center","title_color":"#ffffff","typography_typography":"custom","typography_font_size":{"unit":"px","size":65},"typography_font_weight":"600","typography_font_size_tablet":{"unit":"px","size":45},"typography_font_size_mobile":{"unit":"px","size":35},"header_size":"h3"},"elements":[],"isInner":false,"widgetType":"heading","elType":"widget"},{"id":"4399f3ad","settings":{"structure":"30"},"elements":[{"id":"5a1775eb","settings":{"_column_size":33,"_inline_size":null,"border_border":"solid","border_width":{"unit":"px","top":"1","right":"1","bottom":"1","left":"1","isLinked":true},"border_color":"#686868","margin":{"unit":"px","top":"5","right":"5","bottom":"5","left":"5","isLinked":true},"padding":{"unit":"px","top":"55","right":"55","bottom":"55","left":"55","isLinked":true},"background_background":"classic","background_color":"rgba(0,0,0,0)","margin_mobile":{"unit":"px","top":"0","right":"0","bottom":"0","left":"0","isLinked":true},"padding_tablet":{"unit":"px","top":"25","right":"25","bottom":"25","left":"25","isLinked":true},"padding_mobile":{"unit":"px","top":"15","right":"15","bottom":"15","left":"15","isLinked":true}},"elements":[{"id":"5dbdbf60","settings":{"starting_number":1,"ending_number":90,"suffix":"%","title":"PUBLIC OPINION","number_color":"#686868","typography_number_typography":"custom","typography_number_font_size":{"unit":"px","size":85},"typography_number_font_weight":"100","title_color":"#ffffff","typography_title_typography":"custom","typography_title_font_size":{"unit":"px","size":12},"typography_title_font_weight":"600","typography_title_text_transform":"uppercase","typography_title_letter_spacing":{"unit":"px","size":5},"typography_number_font_size_tablet":{"unit":"px","size":75},"typography_title_letter_spacing_tablet":{"unit":"px","size":2},"counter-title":"Public opinion"},"elements":[],"isInner":false,"widgetType":"counter","elType":"widget"},{"id":"60677542","settings":{"editor":"<p>\u00a0Most public love our food and services<\/p>","align":"center","text_color":"#ffffff","typography_typography":"custom","typography_font_size":{"unit":"px","size":15},"typography_font_weight":"300","typography_line_height":{"unit":"em","size":1.8}},"elements":[],"isInner":false,"widgetType":"text-editor","elType":"widget"}],"isInner":true,"elType":"column"},{"id":"1af1fe9f","settings":{"_column_size":33,"_inline_size":null,"border_border":"solid","border_width":{"unit":"px","top":"1","right":"1","bottom":"1","left":"1","isLinked":true},"border_color":"#686868","margin":{"unit":"px","top":"5","right":"5","bottom":"5","left":"5","isLinked":true},"padding":{"unit":"px","top":"55","right":"55","bottom":"55","left":"55","isLinked":true},"margin_mobile":{"unit":"px","top":"15","right":"0","bottom":"0","left":"0","isLinked":false},"padding_tablet":{"unit":"px","top":"25","right":"25","bottom":"25","left":"25","isLinked":true},"padding_mobile":{"unit":"px","top":"15","right":"15","bottom":"15","left":"15","isLinked":true}},"elements":[{"id":"1348dd87","settings":{"starting_number":1,"ending_number":70,"suffix":"%","title":"Digital Marketing ","number_color":"#686868","typography_number_typography":"custom","typography_number_font_size":{"unit":"px","size":85},"typography_number_font_weight":"100","title_color":"#ffffff","typography_title_typography":"custom","typography_title_font_size":{"unit":"px","size":12},"typography_title_font_weight":"600","typography_title_text_transform":"uppercase","typography_title_letter_spacing":{"unit":"px","size":5},"typography_number_font_size_tablet":{"unit":"px","size":75},"typography_title_letter_spacing_tablet":{"unit":"px","size":2}},"elements":[],"isInner":false,"widgetType":"counter","elType":"widget"},{"id":"828f34","settings":{"editor":"<p>Best marketers are hired<\/p>","align":"center","text_color":"#ffffff","typography_typography":"custom","typography_font_size":{"unit":"px","size":15},"typography_font_weight":"300","typography_line_height":{"unit":"em","size":1.8}},"elements":[],"isInner":false,"widgetType":"text-editor","elType":"widget"}],"isInner":true,"elType":"column"},{"id":"55448382","settings":{"_column_size":33,"_inline_size":null,"border_border":"solid","border_width":{"unit":"px","top":"1","right":"1","bottom":"1","left":"1","isLinked":true},"border_color":"#686868","margin":{"unit":"px","top":"5","right":"5","bottom":"5","left":"5","isLinked":true},"padding":{"unit":"px","top":"55","right":"55","bottom":"55","left":"55","isLinked":true},"margin_mobile":{"unit":"px","top":"15","right":"0","bottom":"0","left":"0","isLinked":false},"padding_tablet":{"unit":"px","top":"25","right":"25","bottom":"25","left":"25","isLinked":true}},"elements":[{"id":"1a5320f4","settings":{"starting_number":1,"ending_number":85,"suffix":"%","title":"Support","number_color":"#686868","typography_number_typography":"custom","typography_number_font_size":{"unit":"px","size":85},"typography_number_font_weight":"100","title_color":"#ffffff","typography_title_typography":"custom","typography_title_font_size":{"unit":"px","size":12},"typography_title_font_weight":"600","typography_title_text_transform":"uppercase","typography_title_letter_spacing":{"unit":"px","size":5},"typography_number_font_size_tablet":{"unit":"px","size":75},"typography_title_letter_spacing_tablet":{"unit":"px","size":2}},"elements":[],"isInner":false,"widgetType":"counter","elType":"widget"},{"id":"1fd105f3","settings":{"editor":"<p>National and Internationally famous<\/p>","align":"center","text_color":"#ffffff","typography_typography":"custom","typography_font_size":{"unit":"px","size":15},"typography_font_weight":"300","typography_line_height":{"unit":"em","size":1.8}},"elements":[],"isInner":false,"widgetType":"text-editor","elType":"widget"}],"isInner":true,"elType":"column"}],"isInner":true,"elType":"section"}],"isInner":false,"elType":"column"}],"isInner":false,"elType":"section"}]}